{
  "assets": [
    {
      "ticker": "BTC-USD",
      "use_local_csv": true,
      "days_back": 1200,
      "forecast_args": [
        "--adaptive-noise",
        "--noise-ratio-scale",
        "0.6",
        "--noise-min",
        "0.01",
        "--noise-max",
        "0.35",
        "--quantum-coin-mode",
        "adaptive",
        "--quantum-coin-scale",
        "0.02",
        "--quantum-coin-vol-scale",
        "0.05",
        "--quantum-coin-drawdown-scale",
        "0.05",
        "--quantum-coin-floor",
        "0.08",
        "--quantum-coin-momentum-weight",
        "0.8",
        "--quantum-coin-vol-weight",
        "0.9",
        "--quantum-coin-drawdown-weight",
        "1.3",
        "--quantum-coin-clamp",
        "1.4",
        "--quantum-coin-vol-threshold",
        "1.4",
        "--quantum-coin-drawdown-threshold",
        "-0.08",
        "--quantum-coin-risk-scale",
        "0.6"
      ]
    },
    {
      "ticker": "SPY",
      "use_local_csv": true,
      "days_back": 900,
      "forecast_args": [
        "--adaptive-noise",
        "--noise-ratio-scale",
        "0.5",
        "--noise-min",
        "0.008",
        "--noise-max",
        "0.25",
        "--quantum-coin-mode",
        "adaptive",
        "--quantum-coin-scale",
        "0.015",
        "--quantum-coin-vol-scale",
        "0.04",
        "--quantum-coin-drawdown-scale",
        "0.04",
        "--quantum-coin-floor",
        "0.06",
        "--quantum-coin-momentum-weight",
        "0.9",
        "--quantum-coin-vol-weight",
        "0.7",
        "--quantum-coin-drawdown-weight",
        "1.0",
        "--quantum-coin-clamp",
        "1.3",
        "--quantum-coin-vol-threshold",
        "1.3",
        "--quantum-coin-drawdown-threshold",
        "-0.06",
        "--quantum-coin-risk-scale",
        "0.5"
      ]
    }
  ]
}
