{
  "project_root": ".",
  "log_dir": "results/pipeline_logs",
  "assets": [
    {
      "label": "SOL",
      "data": "data/yf/SOL-USD.csv",
      "forecast_output": "results/sol_forecast",
      "residual_output": "results/hybrid_residual_sol",
      "window": 30,
      "bins": 15,
      "start": "2016-01-01",
      "end": "2025-12-31",
      "residual_start": "2016-01-01",
      "residual_train_end": "2023-12-31",
      "residual_test_start": "2024-01-01",
      "residual_tune": true,
      "residual_tune_splits": 3,
      "dq_output": "results/data_quality/sol.json",
      "forecast_extra_args": [
        "--adaptive-noise",
        "--noise-ratio-scale",
        "0.6",
        "--noise-max",
        "0.35",
        "--noise-min",
        "0.01"
      ],
      "residual_target_mode": "pct"
    }
  ],
  "benchmark_output": "results/multi_asset_benchmark",
  "benchmark_years": [
    2024,
    2025
  ]
}