{
  "project_root": ".",
  "log_dir": "results/pipeline_logs",
  "assets": [
    {
      "label": "BTC",
      "data": "data/yf/BTC-USD.csv",
      "forecast_output": "results/BTC-USD_forecast",
      "window": 30,
      "bins": 15,
      "start": "2016-01-01",
      "end": "2025-12-31",
      "dq_output": "results/data_quality/btc_focus.json",
      "forecast_extra_args": [
        "--adaptive-noise",
        "--noise-ratio-scale",
        "0.6",
        "--noise-max",
        "0.35",
        "--noise-min",
        "0.01",
        "--quantum-coin-mode",
        "adaptive",
        "--quantum-coin-scale",
        "0.025",
        "--quantum-coin-floor",
        "0.04"
      ],
      "residual_enabled": false
    },
    {
      "label": "ETH",
      "data": "data/yf/ETH-USD.csv",
      "forecast_output": "results/ETH-USD_forecast",
      "window": 30,
      "bins": 15,
      "start": "2016-01-01",
      "end": "2025-12-31",
      "dq_output": "results/data_quality/eth_focus.json",
      "forecast_extra_args": [
        "--adaptive-noise",
        "--noise-ratio-scale",
        "0.55",
        "--noise-max",
        "0.3",
        "--noise-min",
        "0.008",
        "--quantum-coin-mode",
        "adaptive",
        "--quantum-coin-scale",
        "0.02",
        "--quantum-coin-floor",
        "0.05"
      ],
      "residual_enabled": false
    },
    {
      "label": "SOL",
      "data": "data/yf/SOL-USD.csv",
      "forecast_output": "results/SOL-USD_forecast",
      "window": 30,
      "bins": 15,
      "start": "2018-01-01",
      "end": "2025-12-31",
      "dq_output": "results/data_quality/sol_focus.json",
      "forecast_extra_args": [
        "--adaptive-noise",
        "--noise-ratio-scale",
        "0.65",
        "--noise-max",
        "0.4",
        "--noise-min",
        "0.015",
        "--quantum-coin-mode",
        "adaptive",
        "--quantum-coin-scale",
        "0.08",
        "--quantum-coin-floor",
        "0.12"
      ],
      "residual_enabled": false
    }
  ],
  "benchmark_output": "results/crypto_focus_benchmark",
  "benchmark_years": [
    2024,
    2025
  ]
}
