{
  "project_root": ".",
  "log_dir": "results/pipeline_logs",
  "assets": [
    {
      "label": "SPY",
      "data": "data/yf/SPY.csv",
      "forecast_output": "results/spy_forecast",
      "residual_output": "results/hybrid_residual_spy",
      "window": 30,
      "bins": 15,
      "start": "2016-01-01",
      "end": "2025-12-31",
      "residual_start": "2016-01-01",
      "residual_train_end": "2023-12-31",
      "residual_test_start": "2024-01-01",
      "residual_tune": false,
      "dq_output": "results/data_quality/spy.json"
    },
    {
      "label": "IBOV",
      "data": "data/yf/BVSP.csv",
      "forecast_output": "results/ibov_forecast",
      "residual_output": "results/hybrid_residual_ibov",
      "window": 30,
      "bins": 15,
      "start": "2016-01-01",
      "end": "2025-12-31",
      "residual_start": "2016-01-01",
      "residual_train_end": "2023-12-31",
      "residual_test_start": "2024-01-01",
      "residual_tune": false,
      "dq_output": "results/data_quality/ibov.json"
    },
    {
      "label": "AAPL",
      "data": "data/yf/AAPL.csv",
      "forecast_output": "results/aapl_forecast",
      "residual_output": "results/hybrid_residual_aapl",
      "window": 30,
      "bins": 15,
      "start": "2016-01-01",
      "end": "2025-12-31",
      "residual_start": "2016-01-01",
      "residual_train_end": "2023-12-31",
      "residual_test_start": "2024-01-01",
      "residual_tune": false,
      "residual_enabled": false,
      "dq_output": "results/data_quality/aapl.json"
    },
    {
      "label": "MSFT",
      "data": "data/yf/MSFT.csv",
      "forecast_output": "results/msft_forecast",
      "residual_output": "results/hybrid_residual_msft",
      "window": 30,
      "bins": 15,
      "start": "2016-01-01",
      "end": "2025-12-31",
      "residual_start": "2016-01-01",
      "residual_train_end": "2023-12-31",
      "residual_test_start": "2024-01-01",
      "residual_tune": false,
      "dq_output": "results/data_quality/msft.json"
    },
    {
      "label": "GOOG",
      "data": "data/yf/GOOG.csv",
      "forecast_output": "results/goog_forecast",
      "residual_output": "results/hybrid_residual_goog",
      "window": 30,
      "bins": 15,
      "start": "2016-01-01",
      "end": "2025-12-31",
      "residual_start": "2016-01-01",
      "residual_train_end": "2023-12-31",
      "residual_test_start": "2024-01-01",
      "residual_tune": false,
      "dq_output": "results/data_quality/goog.json"
    },
    {
      "label": "AMZN",
      "data": "data/yf/AMZN.csv",
      "forecast_output": "results/amzn_forecast",
      "residual_output": "results/hybrid_residual_amzn",
      "window": 30,
      "bins": 15,
      "start": "2016-01-01",
      "end": "2025-12-31",
      "residual_start": "2016-01-01",
      "residual_train_end": "2023-12-31",
      "residual_test_start": "2024-01-01",
      "residual_tune": false,
      "residual_enabled": false,
      "dq_output": "results/data_quality/amzn.json"
    },
    {
      "label": "TLT",
      "data": "data/yf/TLT.csv",
      "forecast_output": "results/tlt_forecast",
      "residual_output": "results/hybrid_residual_tlt",
      "window": 30,
      "bins": 15,
      "start": "2016-01-01",
      "end": "2025-12-31",
      "residual_start": "2016-01-01",
      "residual_train_end": "2023-12-31",
      "residual_test_start": "2024-01-01",
      "residual_tune": false,
      "dq_output": "results/data_quality/tlt.json"
    },
    {
      "label": "GOLD",
      "data": "data/yf/GC=F.csv",
      "forecast_output": "results/gold_forecast",
      "residual_output": "results/hybrid_residual_gold",
      "window": 30,
      "bins": 15,
      "start": "2016-01-01",
      "end": "2025-12-31",
      "residual_start": "2016-01-01",
      "residual_train_end": "2023-12-31",
      "residual_test_start": "2024-01-01",
      "residual_tune": false,
      "residual_enabled": false,
      "dq_output": "results/data_quality/gold.json"
    },
    {
      "label": "DAX",
      "data": "data/yf/GDAXI.csv",
      "forecast_output": "results/dax_forecast",
      "residual_output": "results/hybrid_residual_dax",
      "window": 30,
      "bins": 15,
      "start": "2016-01-01",
      "end": "2025-12-31",
      "residual_start": "2016-01-01",
      "residual_train_end": "2023-12-31",
      "residual_test_start": "2024-01-01",
      "residual_tune": false,
      "dq_output": "results/data_quality/dax.json"
    },
    {
      "label": "FTSE",
      "data": "data/yf/FTSE.csv",
      "forecast_output": "results/ftse_forecast",
      "residual_output": "results/hybrid_residual_ftse",
      "window": 30,
      "bins": 15,
      "start": "2016-01-01",
      "end": "2025-12-31",
      "residual_start": "2016-01-01",
      "residual_train_end": "2023-12-31",
      "residual_test_start": "2024-01-01",
      "residual_tune": false,
      "residual_enabled": false,
      "dq_output": "results/data_quality/ftse.json"
    },
    {
      "label": "BTC",
      "data": "data/yf/BTC-USD.csv",
      "forecast_output": "results/btc_forecast",
      "residual_output": "results/hybrid_residual_btc",
      "window": 30,
      "bins": 15,
      "start": "2016-01-01",
      "end": "2025-12-31",
      "residual_start": "2016-01-01",
      "residual_train_end": "2023-12-31",
      "residual_test_start": "2024-01-01",
      "residual_tune": true,
      "residual_tune_splits": 3,
      "dq_output": "results/data_quality/btc.json",
      "forecast_extra_args": [
        "--adaptive-noise",
        "--noise-ratio-scale",
        "0.6",
        "--noise-max",
        "0.35",
        "--noise-min",
        "0.01"
      ],
      "residual_target_mode": "pct"
    },
    {
      "label": "ETH",
      "data": "data/yf/ETH-USD.csv",
      "forecast_output": "results/eth_forecast",
      "residual_output": "results/hybrid_residual_eth",
      "window": 30,
      "bins": 15,
      "start": "2016-01-01",
      "end": "2025-12-31",
      "residual_start": "2016-01-01",
      "residual_train_end": "2023-12-31",
      "residual_test_start": "2024-01-01",
      "residual_tune": true,
      "residual_tune_splits": 3,
      "dq_output": "results/data_quality/eth.json",
      "forecast_extra_args": [
        "--adaptive-noise",
        "--noise-ratio-scale",
        "0.6",
        "--noise-max",
        "0.35",
        "--noise-min",
        "0.01"
      ],
      "residual_target_mode": "pct"
    },
    {
      "label": "SOL",
      "data": "data/yf/SOL-USD.csv",
      "forecast_output": "results/sol_forecast",
      "residual_output": "results/hybrid_residual_sol",
      "window": 30,
      "bins": 15,
      "start": "2016-01-01",
      "end": "2025-12-31",
      "residual_start": "2016-01-01",
      "residual_train_end": "2023-12-31",
      "residual_test_start": "2024-01-01",
      "residual_tune": true,
      "residual_tune_splits": 3,
      "dq_output": "results/data_quality/sol.json",
      "forecast_extra_args": [
        "--adaptive-noise",
        "--noise-ratio-scale",
        "0.6",
        "--noise-max",
        "0.35",
        "--noise-min",
        "0.01"
      ],
      "residual_target_mode": "pct"
    }
  ],
  "benchmark_output": "results/multi_asset_benchmark",
  "benchmark_years": [
    2024,
    2025
  ]
}