{
  "project_root": ".",
  "log_dir": "results/pipeline_logs",
  "assets": [
    {
      "label": "IBOV",
      "data": "data/ibov_investing.csv",
      "forecast_output": "results/ibov_forecast",
      "residual_output": "results/hybrid_residual_ibov",
      "window": 30,
      "bins": 15,
      "start": "2016-01-01",
      "end": "2025-12-31",
      "residual_start": "2016-01-01",
      "residual_train_end": "2023-12-31",
      "residual_test_start": "2024-01-01",
      "residual_tune": true,
      "dq_output": "results/data_quality/ibov.json"
    },
    {
      "label": "SPY",
      "data": "data/spy_stooq.csv",
      "forecast_output": "results/spy_forecast",
      "residual_output": "results/hybrid_residual_spy",
      "window": 30,
      "bins": 15,
      "start": "2016-01-01",
      "end": "2025-12-31",
      "residual_start": "2016-01-01",
      "residual_train_end": "2023-12-31",
      "residual_test_start": "2024-01-01",
      "residual_tune": false
    }
  ],
  "benchmark_output": "results/multi_asset_benchmark",
  "benchmark_years": [
    2024,
    2025
  ]
}