date,price,log_price,r
2021-10-05,6.82,1.9198594718553708,-0.17570145170434848
2021-10-06,6.32,1.843719208158766,-0.07614026369660465
2021-10-07,6.18,1.8213182714695995,-0.02240093668916665
2021-10-08,6.41,1.8578592709325787,0.036540999462979284
2021-10-11,6.85,1.9242486522741338,0.06638938134155503
2021-10-12,6.4,1.8562979903656263,-0.06795066190850751
2021-10-13,6.25,1.8325814637483102,-0.023716526617316047
2021-10-14,6.11,1.809926773183504,-0.02265469056480618
2021-10-15,6.02,1.7950872593207297,-0.014839513862774378
2021-10-18,5.86,1.7681496035889213,-0.026937655731808396
2021-10-19,6.27,1.8357763546448294,0.0676267510559081
2021-10-20,6.0,1.791759469228055,-0.0440168854167744
2021-10-21,6.12,1.8115620965242347,0.019802627296179764
2021-10-22,6.8,1.916922612182061,0.10536051565782634
2021-10-25,7.04,1.951608170169951,0.03468555798788997
2021-10-26,8.41,2.1294214739848565,0.17781330381490545
2021-10-27,7.74,2.046401687601636,-0.0830197863832205
2021-10-28,7.96,2.0744289998562917,0.028027312254655712
2021-10-29,7.94,2.0719132752590443,-0.0025157245972473596
2021-11-01,7.81,2.0554049638515948,-0.016508311407449572
2021-11-02,7.5,2.0149030205422647,-0.0405019433093301
2021-11-03,7.94,2.0719132752590443,0.057010254716779674
2021-11-04,7.83,2.057962510002712,-0.013950765256332431
2021-11-05,7.74,2.046401687601636,-0.01156082240107592
2021-11-08,7.6,2.028148247292285,-0.018253440309350832
2021-11-09,8.49,2.138889000323256,0.11074075303097075
2021-11-10,7.9,2.066862759472976,-0.07202624085027987
2021-11-11,7.82,2.05668455455722,-0.010178204915756162
2021-11-12,8.4,2.128231705849268,0.07154715129204803
2021-11-15,8.08,2.089391872533004,-0.03883983331626384
2021-11-16,8.2,2.1041341542702074,0.014742281737203378
2021-11-17,8.14,2.096790180014449,-0.00734397425575839
2021-11-18,8.12,2.0943301541735866,-0.0024600258408624676
2021-11-19,8.0,2.0794415416798357,-0.014888612493750841
2021-11-22,7.87,2.063058062429312,-0.01638347925052397
2021-11-23,7.5,2.0149030205422647,-0.04815504188704711
2021-11-24,6.99,1.944480556245719,-0.07042246429654564
2021-11-26,7.0,1.9459101490553132,0.0014295928095942045
2021-11-29,7.0,1.9459101490553132,0.0
2021-11-30,6.63,1.891604804197771,-0.054305344857542126
2021-12-01,8.89,2.1849270495258133,0.2933222453280422
2021-12-02,8.84,2.179286876649552,-0.005640172876261396
2021-12-03,8.98,2.194999882314108,0.015713005664556245
2021-12-06,9.0,2.1972245773362196,0.0022246950221114226
2021-12-07,9.67,2.269028309465203,0.07180373212898328
2021-12-08,9.96,2.298577071596507,0.029548762131303974
2021-12-09,10.33,2.3350522831315472,0.03647521153504041
2021-12-10,8.93,2.189416394888408,-0.14563588824313944
2021-12-13,8.26,2.1114245875328868,-0.07799180735552103
2021-12-14,8.36,2.1234584270966104,0.012033839563723614
2021-12-15,8.97,2.1938856760707046,0.07042724897409425
2021-12-16,9.26,2.225704048658088,0.031818372587383514
2021-12-17,10.95,2.3933394562625097,0.16763540760442153
2021-12-20,13.52,2.604170070614818,0.2108306143523082
2021-12-21,12.46,2.522523513359307,-0.08164655725551073
2021-12-22,11.85,2.47232786758114,-0.05019564577816693
2021-12-23,11.96,2.481567748522486,0.009239880941345646
2021-12-27,11.82,2.469793011977952,-0.01177473654453376
2021-12-28,11.45,2.4379897300002487,-0.031803281977703435
2021-12-29,10.67,2.367436065313662,-0.07055366468658653
2021-12-30,10.64,2.3646204839134985,-0.0028155814001635804
2021-12-31,10.08,2.3105532626432224,-0.05406722127027619
2022-01-03,9.91,2.2935443483418965,-0.017008914301325895
2022-01-04,9.51,2.252343876557299,-0.041200471784597514
2022-01-05,8.89,2.1849270495258133,-0.06741682703148566
2022-01-06,8.7,2.163323025660538,-0.02160402386527549
2022-01-07,8.55,2.145931282948669,-0.01739174271186883
2022-01-10,8.2,2.1041341542702074,-0.041797128678461526
2022-01-11,8.02,2.081938421878423,-0.022195732391784517
2022-01-12,7.88,2.064327903869788,-0.017610518008635
2022-01-13,7.58,2.0255131996542803,-0.03881470421550759
2022-01-14,7.95,2.0731719286662407,0.04765872901196033
2022-01-18,6.94,1.937301774518713,-0.13587015414752757
2022-01-19,6.92,1.9344157696295783,-0.002886004889134819
2022-01-20,7.14,1.965712776351493,0.03129700672191471
2022-01-21,7.25,1.9810014688665833,0.015288692515090352
2022-01-24,7.28,1.9851308622085946,0.004129393342011234
2022-01-25,7.25,1.9810014688665833,-0.004129393342011234
2022-01-26,7.53,2.018895041811802,0.03789357294521878
2022-01-27,6.95,1.9387416595767009,-0.08015338223510127
2022-01-28,6.68,1.8991179875485542,-0.03962367202814665
2022-01-31,6.95,1.9387416595767009,0.03962367202814665
2022-02-01,7.16,1.9685099809725544,0.029768321395853503
2022-02-02,7.02,1.9487632180377197,-0.019746762934834683
2022-02-03,7.03,1.9501867058225735,0.0014234877848537941
2022-02-04,7.13,1.9643112344262046,0.014124528603631115
2022-02-07,7.05,1.9530276168241774,-0.01128361760202723
2022-02-08,6.95,1.9387416595767009,-0.0142859572474765
2022-02-09,7.25,1.9810014688665833,0.04225980928988249
2022-02-10,7.27,1.9837562915454279,0.0027548226788445263
2022-02-11,6.85,1.9242486522741338,-0.0595076392712941
2022-02-14,7.2,1.9740810260220096,0.04983237374787586
2022-02-15,7.22,1.9768549529047348,0.002773926882725153
2022-02-16,7.22,1.9768549529047348,0.0
2022-02-17,6.6,1.8870696490323797,-0.08978530387235506
2022-02-18,6.63,1.891604804197771,0.00453515516539138
2022-02-22,6.62,1.890095369948917,-0.0015094342488541912
2022-02-23,6.41,1.8578592709325787,-0.03223609901633817
2022-02-24,6.69,1.900613874140137,0.042754603207558306
2022-02-25,6.58,1.884034745337226,-0.016579128802911125
2022-02-28,6.29,1.8389610707123492,-0.04507367462487677
2022-03-01,6.34,1.8468787684491346,0.007917697736785412
2022-03-02,6.27,1.8357763546448294,-0.011102413804305211
2022-03-03,5.76,1.7509374747078,-0.08483887993702943
2022-03-04,5.66,1.7334238922150915,-0.0175135824927084
2022-03-07,5.38,1.682688374173693,-0.05073551804139842
2022-03-08,5.22,1.6524974018945473,-0.0301909722791458
2022-03-09,5.42,1.6900958154515549,0.03759841355700755
2022-03-10,5.17,1.6428726885203377,-0.04722312693121711
2022-03-11,5.03,1.6154199841116479,-0.027452704408689854
2022-03-14,4.98,1.6054298910365616,-0.009990093075086248
2022-03-15,5.19,1.6467336971777973,0.04130380614123563
2022-03-16,5.11,1.631199404215613,-0.015534292962184226
2022-03-17,5.22,1.6524974018945473,0.021297997678934255
2022-03-18,5.19,1.6467336971777973,-0.005763704716750029
2022-03-21,5.64,1.7298840655099674,0.08315036833217015
2022-03-22,5.47,1.6992786164338898,-0.03060544907607765
2022-03-23,5.14,1.6370530794670737,-0.0622255369668161
2022-03-24,5.11,1.631199404215613,-0.005853675251460633
2022-03-25,4.98,1.6054298910365616,-0.025769513179051406
2022-03-28,4.78,1.5644405465033646,-0.040989344533197025
2022-03-29,4.93,1.5953389880545987,0.030898441551234113
2022-03-30,4.74,1.556037135706985,-0.03930185234761363
2022-03-31,4.94,1.5973653311998313,0.041328195492846165
2022-04-01,4.84,1.5769147207285403,-0.02045061047129093
2022-04-04,4.54,1.5129270120532565,-0.0639877086752838
2022-04-05,4.28,1.4539530095937054,-0.05897400245955109
2022-04-06,4.15,1.423108334242607,-0.03084467535109847
2022-04-07,4.28,1.4539530095937054,0.03084467535109847
2022-04-08,4.15,1.423108334242607,-0.03084467535109847
2022-04-11,4.08,1.4060969884160703,-0.017011345826536628
2022-04-12,3.98,1.3812818192963463,-0.024815169119724034
2022-04-13,4.13,1.4182774069729414,0.036995587676595054
2022-04-14,4.045,1.397481550510455,-0.020795856462486384
2022-04-18,3.83,1.3428648031925547,-0.05461674731790023
2022-04-19,3.97,1.3787660946990992,0.03590129150654442
2022-04-20,3.85,1.3480731482996928,-0.03069294639940634
2022-04-21,3.7,1.308332819650179,-0.039740328649513934
2022-04-22,3.91,1.3635373739972745,0.05520455434709559
2022-04-25,4.05,1.3987168811184478,0.03517950712117335
2022-04-26,3.91,1.3635373739972745,-0.03517950712117335
2022-04-27,3.74,1.3190856114264407,-0.04445176257083383
2022-04-28,3.86,1.3506671834767394,0.03158157205029877
2022-04-29,3.69,1.3056264580524357,-0.04504072542430371
2022-05-02,3.85,1.3480731482996928,0.04244669024725711
2022-05-03,3.86,1.3506671834767394,0.002594035177046594
2022-05-04,3.96,1.3762440252663892,0.025576841789649807
2022-05-05,3.8,1.33500106673234,-0.041242958534049246
2022-05-06,3.62,1.2864740258376797,-0.04852704089466031
2022-05-09,3.16,1.1505720275988207,-0.13590199823885896
2022-05-10,3.05,1.1151415906193203,-0.035430436979500435
2022-05-11,2.82,1.0367368849500223,-0.07840470566929802
2022-05-12,2.81,1.0331844833456545,-0.003552401604367761
2022-05-13,3.46,1.2412685890696329,0.2080841057239784
2022-05-16,3.53,1.2612978709452054,0.020029281875572513
2022-05-17,3.8,1.33500106673234,0.07370319578713458
2022-05-18,3.63,1.2892326482767593,-0.04576841845558066
2022-05-19,3.65,1.2947271675944,0.005494519317640778
2022-05-20,3.7,1.308332819650179,0.013605652055778794
2022-05-23,3.65,1.2947271675944,-0.013605652055778794
2022-05-24,3.91,1.3635373739972745,0.06881020640287439
2022-05-25,3.95,1.3737155789130306,0.010178204915756162
2022-05-26,4.1,1.410986973710262,0.037271394797231405
2022-05-27,4.04,1.3962446919730587,-0.014742281737203378
2022-05-31,4.44,1.4906543764441336,0.0944096844710749
2022-06-01,4.04,1.3962446919730587,-0.0944096844710749
2022-06-02,4.38,1.4770487243883548,0.0808040324152961
2022-06-03,4.36,1.472472057360943,-0.004576667027411663
2022-06-06,3.97,1.3787660946990992,-0.09370596266184394
2022-06-07,4.16,1.425515074273172,0.04674897957407276
2022-06-08,4.03,1.3937663759585917,-0.03174869831458027
2022-06-09,4.01,1.3887912413184778,-0.0049751346401138985
2022-06-10,3.87,1.3532545070416904,-0.035536734276787385
2022-06-13,3.52,1.2584609896100056,-0.09479351743168474
2022-06-14,3.735,1.3177478185847806,0.059286828974775
2022-06-15,4.03,1.3937663759585917,0.07601855737381102
2022-06-16,3.82,1.3402504226184837,-0.05351595334010795
2022-06-17,4.38,1.4770487243883548,0.13679830176987107
2022-06-21,4.27,1.451613827240533,-0.025434897147821767
2022-06-22,4.35,1.4701758451005926,0.01856201786005962
2022-06-23,4.66,1.5390154481375546,0.06883960303696202
2022-06-24,4.79,1.5665304114228238,0.027514963285269145
2022-06-27,4.68,1.5432981099295553,-0.023232301493268492
2022-06-28,4.7,1.547562508716013,0.004264398786457679
2022-06-29,4.49,1.501852701754163,-0.04570980696185001
2022-06-30,4.07,1.4036429994545037,-0.09820970229965931
2022-07-01,4.42,1.4861396960896067,0.08249669663510306
2022-07-05,4.64,1.534714366238164,0.04857467014855721
2022-07-06,4.82,1.572773928062509,0.03805956182434511
2022-07-07,4.71,1.5496879080283263,-0.023086020034182697
2022-07-08,4.84,1.5769147207285403,0.027226812700213987
2022-07-11,4.4,1.4816045409242156,-0.09531017980432477
2022-07-12,4.49,1.501852701754163,0.020248160829947404
2022-07-13,4.5,1.5040773967762742,0.0022246950221112005
2022-07-14,4.37,1.4747630091074988,-0.029314387668775366
2022-07-15,4.27,1.451613827240533,-0.023149181866965796
2022-07-18,4.23,1.4422019930581866,-0.009411834182346368
2022-07-19,4.29,1.4562867329399256,0.014084739881738972
2022-07-20,4.46,1.4951487660319727,0.038862033092047055
2022-07-21,4.52,1.5085119938441398,0.013363227812167144
2022-07-22,4.3,1.4586150226995167,-0.0498969711446231
2022-07-25,4.16,1.425515074273172,-0.03309994842634478
2022-07-26,4.16,1.425515074273172,0.0
2022-07-27,4.19,1.4327007339340465,0.007185659660874588
2022-07-28,4.13,1.4182774069729414,-0.014423326961105154
2022-07-29,3.98,1.3812818192963463,-0.036995587676595054
2022-08-01,3.68,1.3029127521808397,-0.07836906711550662
2022-08-02,3.7,1.308332819650179,0.005420067469339207
2022-08-03,3.79,1.332366019094335,0.02403319944415605
2022-08-04,3.8,1.33500106673234,0.002635047638005039
2022-08-05,3.77,1.3270750014599193,-0.00792606527242068
2022-08-08,3.94,1.3711807233098425,0.04410572184992323
2022-08-09,4.03,1.3937663759585917,0.02258565264874912
2022-08-10,4.21,1.43746264769429,0.043696271735698344
2022-08-11,4.46,1.4951487660319727,0.05768611833768267
2022-08-12,4.37,1.4747630091074988,-0.020385756924473863
2022-08-15,4.25,1.4469189829363254,-0.02784402617117343
2022-08-16,4.13,1.4182774069729414,-0.028641575963384014
2022-08-17,4.04,1.3962446919730587,-0.022032714999882685
2022-08-18,3.84,1.3454723665996355,-0.05077232537342313
2022-08-19,3.7,1.308332819650179,-0.03713954694945665
2022-08-22,3.68,1.3029127521808397,-0.005420067469339207
2022-08-23,3.65,1.2947271675944,-0.008185584586439587
2022-08-24,3.8,1.33500106673234,0.040273899137939884
2022-08-25,3.97,1.3787660946990992,0.043765027966759185
2022-08-26,3.75,1.3217558399823195,-0.057010254716779674
2022-08-29,3.6,1.2809338454620642,-0.040821994520255256
2022-08-30,3.5,1.252762968495368,-0.02817087696669618
2022-08-31,3.56,1.269760544863939,0.01699757636857102
2022-09-01,3.56,1.269760544863939,0.0
2022-09-02,3.52,1.2584609896100056,-0.011299555253933447
2022-09-06,3.28,1.1878434223960523,-0.07061756721395329
2022-09-07,3.48,1.247032293786383,0.05918887139033058
2022-09-08,3.69,1.3056264580524357,0.058594164266052795
2022-09-09,3.61,1.2837077723447896,-0.0219186857076461
2022-09-12,3.82,1.3402504226184837,0.056542650273694095
2022-09-13,3.77,1.3270750014599193,-0.013175421158564404
2022-09-14,3.68,1.3029127521808397,-0.024162249279079617
2022-09-15,3.5,1.252762968495368,-0.05014978368547163
2022-09-16,3.25,1.1786549963416462,-0.07410797215372189
2022-09-19,3.26,1.1817271953786161,0.0030721990369699803
2022-09-20,3.26,1.1817271953786161,0.0
2022-09-21,3.18,1.1568811967920856,-0.024845998586530582
2022-09-22,3.06,1.1184149159642893,-0.03846628082779624
2022-09-23,2.99,1.095273387402595,-0.02314152856169427
2022-09-26,2.95,1.0818051703517284,-0.013468217050866649
2022-09-27,3.11,1.1346227261911428,0.05281755583941439
2022-09-28,3.33,1.2029723039923526,0.06834957780120976
2022-09-29,3.17,1.1537315878891892,-0.049240716103163384
2022-09-30,3.22,1.169381359556317,0.015649771667127776
2022-10-03,3.36,1.2119409739751128,0.042559614418795855
2022-10-04,3.64,1.2919836816486494,0.0800427076735366
2022-10-05,4.06,1.4011829736136412,0.10919929196499178
2022-10-06,4.53,1.5107219394949427,0.10953896588130152
2022-10-07,4.4,1.4816045409242156,-0.02911739857072715
2022-10-10,4.42,1.4861396960896067,0.004535155165391158
2022-10-11,4.32,1.463255402256019,-0.02288429383358781
2022-10-12,4.42,1.4861396960896067,0.02288429383358781
2022-10-13,4.6,1.5260563034950492,0.03991660740544245
2022-10-14,4.58,1.5216989981260935,-0.004357305368955622
2022-10-17,4.46,1.4951487660319727,-0.026550232094120885
2022-10-18,4.53,1.5107219394949427,0.015573173462970047
2022-10-19,4.27,1.451613827240533,-0.059108112254409706
2022-10-20,4.35,1.4701758451005926,0.01856201786005962
2022-10-21,4.44,1.4906543764441336,0.02047853134354094
2022-10-24,4.45,1.4929040961781488,0.002249719734015221
2022-10-25,4.78,1.5644405465033646,0.07153645032521583
2022-10-26,4.84,1.5769147207285403,0.012474174225175716
2022-10-27,5.12,1.6331544390514163,0.056239718322876
2022-10-28,5.25,1.6582280766035324,0.025073637552116113
2022-10-31,5.14,1.6370530794670737,-0.021174997136458762
2022-11-01,5.3,1.667706820558076,0.030653741091002384
2022-11-02,5.11,1.631199404215613,-0.03650741634246302
2022-11-03,5.44,1.6937790608678513,0.0625796566522383
2022-11-04,5.5,1.7047480922384253,0.010969031370573923
2022-11-07,5.63,1.728109442151599,0.023361349913173735
2022-11-08,5.0,1.6094379124341003,-0.11867152971749872
2022-11-09,5.07,1.623340817603092,0.01390290516899162
2022-11-10,5.18,1.6448050562713916,0.021464238668299718
2022-11-11,5.16,1.6409365794934714,-0.003868476777920238
2022-11-14,5.29,1.665818245870208,0.02488166637673661
2022-11-15,5.54,1.7119945007591924,0.04617625488898436
2022-11-16,5.23,1.6544112780768316,-0.05758322268236071
2022-11-17,5.27,1.6620303625532709,0.00761908447643922
2022-11-18,5.0,1.6094379124341003,-0.052592450119170575
2022-11-21,4.83,1.5748464676644813,-0.03459144476961895
2022-11-22,4.92,1.5933085305042167,0.018462062839735394
2022-11-23,5.14,1.6370530794670737,0.043744548962856955
2022-11-25,5.16,1.6409365794934714,0.0038835000263977015
2022-11-28,5.04,1.6174060820832772,-0.023530497410194195
2022-11-29,5.11,1.631199404215613,0.013793322132335861
2022-11-30,5.36,1.6789639750827108,0.04776457086709773
2022-12-01,5.8,1.7578579175523736,0.07889394246966286
2022-12-02,6.3,1.840549633397487,0.08269171584511326
2022-12-05,6.18,1.8213182714695995,-0.019231361927887436
2022-12-06,6.33,1.8453002361560848,0.02398196468648539
2022-12-07,6.6,1.8870696490323797,0.041769412876294876
2022-12-08,6.98,1.9430489167742813,0.05597926774190154
2022-12-09,7.0,1.9459101490553132,0.002861232281031967
2022-12-12,7.09,1.958685340544036,0.012775191488722859
2022-12-13,6.96,1.9401794743463283,-0.018505866197707777
2022-12-14,7.22,1.9768549529047348,0.03667547855840647
2022-12-15,7.24,1.979621206397625,0.0027662534928902804
2022-12-16,7.32,1.9906103279732201,0.010989121575595062
2022-12-19,6.59,1.8855533485144158,-0.10505697945880432
2022-12-20,7.09,1.958685340544036,0.07313199202962029
2022-12-21,7.25,1.9810014688665833,0.022316128322547257
2022-12-22,7.2,1.9740810260220096,-0.006920442844573715
2022-12-23,7.01,1.9473377010464987,-0.026743324975510907
2022-12-27,7.55,2.0215475632609334,0.07420986221443471
2022-12-28,7.63,2.0320878452963655,0.010540282035432114
2022-12-29,7.88,2.064327903869788,0.03224005857342238
2022-12-30,7.99,2.0781907597781832,0.01386285590839531
2023-01-03,7.15,1.9671123567059163,-0.1110784030722669
2023-01-04,7.56,2.0228711901914416,0.05575883348552524
2023-01-05,8.14,2.096790180014449,0.07391898982300749
2023-01-06,9.25,2.224623551524334,0.12783337150988494
2023-01-09,9.42,2.2428350885882717,0.018211537063937744
2023-01-10,9.82,2.2844211223663744,0.04158603377810266
2023-01-11,9.67,2.269028309465203,-0.01539281290117156
2023-01-12,9.98,2.300583090323373,0.031554780858169984
2023-01-13,9.87,2.28949985344539,-0.011083236877982738
2023-01-17,9.4,2.2407096892759584,-0.048790164169431716
2023-01-18,9.3,2.2300144001592104,-0.010695289116747997
2023-01-19,8.75,2.169053700369523,-0.06096069978968721
2023-01-20,8.78,2.172476407647025,0.003422707277501935
2023-01-23,8.5,2.1400661634962708,-0.03241024415075433
2023-01-24,8.61,2.152924318439639,0.012858154943368394
2023-01-25,8.39,2.127040520479115,-0.025883797960524202
2023-01-26,8.37,2.124653884501384,-0.002386635977730922
2023-01-27,8.55,2.145931282948669,0.021277398447284934
2023-01-30,8.26,2.1114245875328868,-0.03450669541578222
2023-01-31,8.3,2.1162555148025524,0.004830927269665608
2023-02-01,8.54,2.1447610078004784,0.02850549299792604
2023-02-02,7.59,2.0268315914075385,-0.11792941639293986
2023-02-03,7.8,2.0541237336955462,0.027292142288007692
2023-02-06,7.66,2.0360119837525,-0.018111749943046096
2023-02-07,7.79,2.052840859882657,0.01682887613015671
2023-02-08,7.69,2.0399207835175526,-0.012920076365104283
2023-02-09,7.76,2.048982334195127,0.009061550677574637
2023-02-10,7.97,2.075684492802124,0.02670215860699665
2023-02-13,8.11,2.0930978681273213,0.01741337532519749
2023-02-14,8.74,2.167910189667444,0.07481232154012263
2023-02-15,8.9,2.186051276738094,0.018141087070650208
2023-02-16,8.73,2.166765369851511,-0.01928590688658316
2023-02-17,8.62,2.1540850846756014,-0.012680285175909578
2023-02-21,8.57,2.1482677326096886,-0.005817352065912829
2023-02-22,8.19,2.102913897864978,-0.045353834744710664
2023-02-23,8.22,2.1065702090680887,0.003656311203110718
2023-02-24,7.73,2.0451088625993306,-0.061461346468758116
2023-02-27,8.04,2.0844290831908747,0.039320220591544164
2023-02-28,8.09,2.0906287310704004,0.006199647879525649
2023-03-01,7.92,2.0693912058263346,-0.021237525244065747
2023-03-02,8.1,2.0918640616783932,0.022472855852058604
2023-03-03,8.05,2.0856720914304723,-0.006191970247920953
2023-03-06,7.87,2.063058062429312,-0.022614029001160496
2023-03-07,8.17,2.1004689088719113,0.03741084644259951
2023-03-08,8.24,2.1090003439213802,0.00853143504946896
2023-03-09,7.69,2.0399207835175526,-0.06907956040382768
2023-03-10,7.65,2.0347056478384444,-0.0052151356791081405
2023-03-13,7.83,2.057962510002712,0.023256862164267478
2023-03-14,7.96,2.0744289998562917,0.01646648985357979
2023-03-15,8.59,2.150598735996164,0.07616973613987232
2023-03-16,8.5,2.1400661634962708,-0.010532572499893256
2023-03-17,8.7,2.163323025660538,0.023256862164267034
2023-03-20,8.71,2.1644717908644115,0.0011487652038737473
2023-03-21,7.64,2.033397603178429,-0.13107418768598267
2023-03-22,7.27,1.9837562915454279,-0.049641311633001006
2023-03-23,6.99,1.944480556245719,-0.03927573529970885
2023-03-24,6.92,1.9344157696295783,-0.010064786616140742
2023-03-27,7.18,1.9712993830601329,0.036883613430554574
2023-03-28,7.35,1.9947003132247452,0.02340093016461231
2023-03-29,7.69,2.0399207835175526,0.0452204702928074
2023-03-30,7.31,1.9892432737616872,-0.05067750975586538
2023-03-31,7.38,1.998773638612381,0.009530364850693918
2023-04-03,7.4,2.0014800002101243,0.0027063615977431787
2023-04-04,7.09,1.958685340544036,-0.0427946596660882
2023-04-05,7.11,1.9615022438151495,0.0028169032711133912
2023-04-06,7.38,1.998773638612381,0.03727139479723163
2023-04-10,7.38,1.998773638612381,0.0
2023-04-11,7.43,2.005525858729668,0.006752220117286711
2023-04-12,7.41,2.0028304393079956,-0.002695419421672174
2023-04-13,7.6,2.028148247292285,0.02531780798428951
2023-04-14,7.11,1.9615022438151495,-0.06664600347713567
2023-04-17,8.52,2.1424163408412245,0.18091409702607497
2023-04-18,8.87,2.182674796321488,0.04025845548026341
2023-04-19,8.8,2.174751721484161,-0.007923074837326904
2023-04-20,8.8,2.174751721484161,0.0
2023-04-21,8.96,2.192770226986839,0.01801850550267803
2023-04-24,8.87,2.182674796321488,-0.010095430665351124
2023-04-25,8.74,2.167910189667444,-0.014764606654043888
2023-04-26,8.64,2.1564025828159643,-0.011507606851479668
2023-04-27,8.43,2.131796772013764,-0.024605810802200256
2023-04-28,8.55,2.145931282948669,0.01413451093490492
2023-05-01,8.62,2.1540850846756014,0.008153801726932475
2023-05-02,8.21,2.105352923464337,-0.04873216121126456
2023-05-03,8.44,2.1329823086078656,0.02762938514352875
2023-05-04,8.4,2.128231705849268,-0.004750602758597733
2023-05-05,8.62,2.1540850846756014,0.02585337882633354
2023-05-08,8.96,2.192770226986839,0.03868514231123754
2023-05-09,9.37,2.2375130962503307,0.04474286926349169
2023-05-10,9.23,2.222459048514761,-0.015054047735569842
2023-05-11,9.05,2.2027647577118348,-0.019694290802926062
2023-05-12,9.11,2.209372711271867,0.006607953560032076
2023-05-15,9.15,2.21375387928743,0.004381168015563208
2023-05-16,8.74,2.167910189667444,-0.04584368961998608
2023-05-17,9.04,2.201659174404085,0.03374898473664123
2023-05-18,9.09,2.2071749081893874,0.005515733785302235
2023-05-19,9.32,2.2321626286975,0.0249877205081126
2023-05-22,9.66,2.2679936482244267,0.03583101952692669
2023-05-23,9.39,2.2396452932201716,-0.028348355004255144
2023-05-24,9.22,2.2213750375685026,-0.018270255651668954
2023-05-25,9.23,2.222459048514761,0.001084010946258207
2023-05-26,9.31,2.231089091288976,0.008630042774214974
2023-05-30,9.07,2.2049722641270453,-0.026116827161930534
2023-05-31,9.09,2.2071749081893874,0.002202644062342163
2023-06-01,9.35,2.2353763433005955,0.028201435111208095
2023-06-02,9.44,2.244955980157409,0.009579636856813512
2023-06-05,9.42,2.2428350885882717,-0.0021208915691373065
2023-06-06,9.75,2.277267285009756,0.03443219642148421
2023-06-07,9.75,2.277267285009756,0.0
2023-06-08,9.58,2.259677591982769,-0.017589693026986986
2023-06-09,10.03,2.305580601973844,0.045903009991075105
2023-06-12,9.42,2.2428350885882717,-0.06274551338557233
2023-06-13,9.78,2.280339484046726,0.03750439545845419
2023-06-14,9.71,2.2731562823032334,-0.007183201743492518
2023-06-15,9.92,2.2945529212967815,0.021396638993548045
2023-06-16,9.65,2.2669579153508947,-0.027595005945886708
2023-06-20,9.79,2.281361456542419,0.014403541191524205
2023-06-21,9.53,2.254444717666111,-0.026916738876308077
2023-06-22,9.97,2.299580583973747,0.045135866307636
2023-06-23,9.8,2.2823823856765264,-0.01719819829722047
2023-06-26,9.18,2.217027204632399,-0.06535518104412752
2023-06-27,9.05,2.2027647577118348,-0.014262446920564109
2023-06-28,10.07,2.309560706730471,0.1067959490186361
2023-06-29,9.9,2.2925347571405443,-0.017025949589926537
2023-06-30,10.08,2.3105532626432224,0.01801850550267803
2023-07-03,9.76,2.278292400425001,-0.03226086221822122
2023-07-05,10.63,2.363680192353857,0.0853877919288557
2023-07-06,10.65,2.365559892155434,0.001879699801577317
2023-07-07,10.8,2.379546134130174,0.013986241974739855
2023-07-10,11.08,2.405141681319138,0.025595547188963952
2023-07-11,11.09,2.4060438013622756,0.0009021200431376108
2023-07-12,11.42,2.435366204227864,0.029322402865588515
2023-07-13,11.6,2.451005098112319,0.01563889388445494
2023-07-14,11.67,2.4570214462984645,0.006016348186145493
2023-07-17,11.8,2.468099531471619,0.011078085173154673
2023-07-18,11.81,2.468946630209271,0.0008470987376516526
2023-07-19,11.54,2.4458192610799534,-0.023127369129317454
2023-07-20,11.13,2.4096441652874536,-0.03617509579249978
2023-07-21,11.09,2.4060438013622756,-0.0036003639251780406
2023-07-24,10.73,2.373043556642607,-0.03300024471966845
2023-07-25,10.73,2.373043556642607,0.0
2023-07-26,10.93,2.391511302188447,0.018467745545839964
2023-07-27,10.8,2.379546134130174,-0.011965168058273079
2023-07-28,11.66,2.4561641809223462,0.07661804679217221
2023-07-31,11.98,2.4832385926873033,0.027074411764957063
2023-08-01,11.93,2.4790562361098245,-0.004182356577478785
2023-08-02,11.81,2.468946630209271,-0.010109605900553653
2023-08-03,11.5,2.4423470353692043,-0.026599594840066576
2023-08-04,11.59,2.4501426573516603,0.00779562198245598
2023-08-07,11.24,2.419478844465545,-0.030663812886115416
2023-08-08,11.39,2.432735777459091,0.013256932993546133
2023-08-09,11.28,2.423031246069913,-0.00970453138917815
2023-08-10,11.39,2.432735777459091,0.00970453138917815
2023-08-11,11.57,2.448415541205585,0.015679763746494046
2023-08-14,11.71,2.460443177609626,0.012027636404040809
2023-08-15,10.97,2.395164274287139,-0.06527890332248676
2023-08-16,10.81,2.3804716316511167,-0.014692642636022324
2023-08-17,10.47,2.3485140248824456,-0.0319576067686711
2023-08-18,10.87,2.386006701133118,0.03749267625067221
2023-08-21,10.96,2.3942522815198695,0.008245580386751605
2023-08-22,11.15,2.411439497906128,0.01718721638625853
2023-08-23,11.71,2.460443177609626,0.04900367970349784
2023-08-24,11.11,2.4078456036515385,-0.052597573958087285
2023-08-25,11.14,2.410542234499138,0.0026966308475993017
2023-08-28,11.29,2.4239173781615704,0.013375143662432531
2023-08-29,11.25,2.4203681286504293,-0.003549249511141106
2023-08-30,11.58,2.449279472144849,0.028911343494419928
2023-08-31,11.57,2.448415541205585,-0.0008639309392641792
2023-09-01,11.68,2.457877977400081,0.00946243619449616
2023-09-05,11.75,2.463853240590168,0.005975263190086899
2023-09-06,11.79,2.4672517145492794,0.0033984739591113033
2023-09-07,11.7,2.4595888418037104,-0.007662872745568983
2023-09-08,12.6,2.533696813957432,0.07410797215372167
2023-09-11,11.51,2.4432162227337915,-0.0904805912236406
2023-09-12,11.22,2.4176979000945504,-0.02551832263924103
2023-09-13,11.16,2.412335956953165,-0.005361943141385606
2023-09-14,11.49,2.4414770918606643,0.029141134907499477
2023-09-15,11.29,2.4239173781615704,-0.017559713699093926
2023-09-18,11.12,2.4087452888224363,-0.015172089339134054
2023-09-19,10.8,2.379546134130174,-0.029199154692262308
2023-09-20,10.33,2.3350522831315472,-0.044493850998626794
2023-09-21,10.22,2.3243465847755584,-0.01070569835598878
2023-09-22,10.33,2.3350522831315472,0.01070569835598878
2023-09-25,10.21,2.3233676321765744,-0.011684650954972842
2023-09-26,12.41,2.5185025992165158,0.19513496703994138
2023-09-27,13.19,2.579458966729223,0.06095636751270739
2023-09-28,12.55,2.529720665577793,-0.049738301151430075
2023-09-29,11.68,2.457877977400081,-0.07184268817771189
2023-10-02,10.515,2.3528028091546633,-0.10507516824541785
2023-10-03,10.42,2.343727036325221,-0.009075772829442386
2023-10-04,9.93,2.295560478057081,-0.04816655826813987
2023-10-05,10.43,2.344686269012681,0.04912579095559977
2023-10-06,10.8,2.379546134130174,0.03485986511749317
2023-10-09,10.63,2.363680192353857,-0.01586594177631717
2023-10-10,10.7,2.3702437414678603,0.006563549114003475
2023-10-11,10.14,2.316487998163037,-0.053755743304823245
2023-10-12,9.9,2.2925347571405443,-0.023953241022492744
2023-10-13,10.08,2.3105532626432224,0.01801850550267803
2023-10-16,10.19,2.321406847234633,0.010853584591410836
2023-10-17,10.19,2.321406847234633,0.0
2023-10-18,9.87,2.28949985344539,-0.03190699378924311
2023-10-19,9.77,2.2793164660546914,-0.010183387390698684
2023-10-20,9.66,2.2679936482244267,-0.011322817830264675
2023-10-23,8.595,2.1511806388348127,-0.11681300938961403
2023-10-24,8.72,2.1656192379208883,0.014438599086075588
2023-10-25,8.54,2.1447610078004784,-0.020858230120409882
2023-10-26,8.45,2.134166441369082,-0.010594566431396224
2023-10-27,8.38,2.125847914493992,-0.00831852687509027
2023-10-30,8.45,2.134166441369082,0.00831852687509027
2023-10-31,8.64,2.1564025828159643,0.02223614144688213
2023-11-01,9.06,2.203869120054888,0.04746653723892358
2023-11-02,9.06,2.203869120054888,0.0
2023-11-03,9.28,2.2278615467981093,0.02399242674322144
2023-11-06,8.89,2.1849270495258133,-0.042934497272296035
2023-11-07,9.09,2.2071749081893874,0.02224785866357415
2023-11-08,8.98,2.194999882314108,-0.0121750258752793
2023-11-09,8.55,2.145931282948669,-0.04906859936543917
2023-11-10,8.81,2.175887439948088,0.029956156999419115
2023-11-13,9.05,2.2027647577118348,0.02687731776374669
2023-11-14,9.3,2.2300144001592104,0.0272496424473756
2023-11-15,9.07,2.2049722641270453,-0.025042136032165097
2023-11-16,9.02,2.199444334074532,-0.005527930052513064
2023-11-17,8.97,2.1938856760707046,-0.005558658003827599
2023-11-20,8.8,2.174751721484161,-0.019133954586543656
2023-11-21,8.64,2.1564025828159643,-0.018349138668196652
2023-11-22,9.0,2.1972245773362196,0.040821994520255256
2023-11-24,9.13,2.211565694606877,0.014341117270657566
2023-11-27,9.1,2.2082744135228043,-0.003291281084072839
2023-11-28,9.09,2.2071749081893874,-0.0010995053334168503
2023-11-29,9.41,2.2417729535972883,0.0345980454079009
2023-11-30,9.56,2.25758772706331,0.01581477346602167
2023-12-01,9.85,2.2874714551839976,0.029883728120687625
2023-12-04,9.94,2.2965670206684825,0.009095565484484869
2023-12-05,9.82,2.2844211223663744,-0.012145898302108105
2023-12-06,9.8,2.2823823856765264,-0.0020387366898479975
2023-12-07,9.75,2.277267285009756,-0.005115100666770456
2023-12-08,9.83,2.285438934159075,0.008171649149319116
2023-12-11,9.93,2.295560478057081,0.010121543898006014
2023-12-12,10.35,2.336986519711378,0.041426041654296863
2023-12-13,10.81,2.3804716316511167,0.04348511193973881
2023-12-14,11.13,2.4096441652874536,0.029172533636336873
2023-12-15,11.16,2.412335956953165,0.0026917916657112073
2023-12-18,10.91,2.3896797998449792,-0.02265615710818558
2023-12-19,10.8,2.379546134130174,-0.010133665714805229
2023-12-20,9.96,2.298577071596507,-0.0809690625336672
2023-12-21,10.54,2.355177543113216,0.056600471516709217
2023-12-22,10.89,2.387844936944869,0.03266739383165307
2023-12-26,11.47,2.4397349311412793,0.05188999419641016
2023-12-27,11.58,2.449279472144849,0.00954454100356994
2023-12-28,11.37,2.4309783077624445,-0.0183011643824047
2023-12-29,11.23,2.418588768750352,-0.012389539012092499
2024-01-02,11.35,2.4292177439274116,0.01062897517705963
2024-01-03,10.86,2.3850863145057892,-0.0441314294216224
2024-01-04,10.82,2.3813962734183356,-0.0036900410874536327
2024-01-05,11.27,2.422144328051685,0.040748054633349184
2024-01-08,11.44,2.437115985951652,0.014971657899967017
2024-01-09,11.35,2.4292177439274116,-0.007898242024240165
2024-01-10,11.17,2.413231613081109,-0.015986130846302515
2024-01-11,10.99,2.39698576841553,-0.016245844665579323
2024-01-12,11.06,2.403334996094189,0.006349227678659197
2024-01-16,10.86,2.3850863145057892,-0.018248681588399762
2024-01-17,10.76,2.3758355547336385,-0.00925075977215073
2024-01-18,10.51,2.3523271848888596,-0.023508369844778887
2024-01-19,10.35,2.336986519711378,-0.015340665177481672
2024-01-22,10.35,2.336986519711378,0.0
2024-01-23,10.45,2.34660197841082,0.009615458699442136
2024-01-24,10.4,2.341805806147327,-0.004796172263493048
2024-01-25,10.52,2.3532782073095637,0.01147240116223669
2024-01-26,10.37,2.3389170222414357,-0.014361185068128002
2024-01-29,10.32,2.334083760053417,-0.004833262188018939
2024-01-30,10.22,2.3243465847755584,-0.009737175277858334
2024-01-31,10.0,2.302585092994046,-0.021761491781512543
2024-02-01,10.05,2.307572634505085,0.004987541511038973
2024-02-02,9.89,2.2915241456346207,-0.016048488870464173
2024-02-05,10.02,2.3045830956567186,0.013058950022097893
2024-02-06,10.3,2.33214389523559,0.027560799578871364
2024-02-07,10.39,2.340843805111136,0.00869990987554603
2024-02-08,10.57,2.3580197998821464,0.017175994771010394
2024-02-09,10.81,2.3804716316511167,0.022451831768970365
2024-02-12,10.87,2.386006701133118,0.005535069482001109
2024-02-13,10.8,2.379546134130174,-0.00646056700294384
2024-02-14,11.32,2.4265710727750367,0.04702493864486268
2024-02-15,11.45,2.4379897300002487,0.011418657225211959
2024-02-16,11.59,2.4501426573516603,0.012152927351411602
2024-02-20,11.54,2.4458192610799534,-0.004323396271706859
2024-02-21,11.54,2.4458192610799534,0.0
2024-02-22,11.36,2.4300984132930052,-0.015720847786948156
2024-02-23,11.6,2.451005098112319,0.020906684819313792
2024-02-26,11.7,2.4595888418037104,0.008583743691391366
2024-02-27,11.8,2.468099531471619,0.0085106896679088
2024-02-28,11.71,2.460443177609626,-0.00765635386199337
2024-02-29,11.44,2.437115985951652,-0.023327191657974033
2024-03-01,11.77,2.4655539212721855,0.028437935320533736
2024-03-04,11.48,2.4406063908914204,-0.024947530380765137
2024-03-05,11.6,2.451005098112319,0.01039870722089864
2024-03-06,11.57,2.448415541205585,-0.002589556906734014
2024-03-07,11.15,2.411439497906128,-0.03697604329945703
2024-03-08,10.68,2.3683728335320486,-0.043066664374079355
2024-03-11,10.44,2.3456445824544927,-0.02272825107755594
2024-03-12,10.29,2.331172549845958,-0.01447203260853458
2024-03-13,10.62,2.362739015813793,0.031566465967834745
2024-03-14,10.23,2.325324579963535,-0.03741443585025772
2024-03-15,10.14,2.316487998163037,-0.008836581800498067
2024-03-18,9.87,2.28949985344539,-0.02698814471764699
2024-03-19,9.93,2.295560478057081,0.00606062461169099
2024-03-20,10.01,2.303584593327129,0.008024115270047982
2024-03-21,10.26,2.3282528397426234,0.024668246415494366
2024-03-22,10.15,2.3174737054877963,-0.010779134254827127
2024-03-25,9.95,2.2975725511705014,-0.01990115431729489
2024-03-26,10.08,2.3105532626432224,0.012980711472720952
2024-03-27,10.84,2.3832429960115,0.07268973336827766
2024-03-28,10.54,2.355177543113216,-0.028065452898283993
2024-04-01,10.43,2.344686269012681,-0.010491274100535186
2024-04-02,10.92,2.390595970316759,0.04590970130407834
2024-04-03,11.51,2.4432162227337915,0.052620252417032276
2024-04-04,11.51,2.4432162227337915,0.0
2024-04-05,11.74,2.4630018143999504,0.019785591666158897
2024-04-08,11.63,2.453587966530573,-0.009413847869377268
2024-04-09,11.41,2.4344901638739844,-0.01909780265658867
2024-04-10,11.2,2.4159137783010487,-0.018576385572935727
2024-04-11,11.17,2.413231613081109,-0.0026821652199395807
2024-04-12,10.94,2.392425796993835,-0.020805816087273943
2024-04-15,10.84,2.3832429960115,-0.009182800982335149
2024-04-16,10.71,2.3711778844596574,-0.012065111551842644
2024-04-17,10.44,2.3456445824544927,-0.025533302005164682
2024-04-18,10.36,2.337952236831337,-0.007692345623155905
2024-04-19,10.46,2.347558458636777,0.009606221805440018
2024-04-22,10.6,2.3608540011180215,0.013295542481244649
2024-04-23,10.94,2.392425796993835,0.03157179587581371
2024-04-24,10.9,2.388762789235098,-0.00366300775873718
2024-04-25,10.88,2.3869262414277967,-0.0018365478073012476
2024-04-26,11.03,2.400618833265411,0.013692591837614287
2024-04-29,11.13,2.4096441652874536,0.009025332022042587
2024-04-30,10.9,2.388762789235098,-0.020881376052355627
2024-05-01,11.21,2.4168062370840686,0.028043447848970615
2024-05-02,11.24,2.419478844465545,0.002672607381476233
2024-05-03,11.39,2.432735777459091,0.013256932993546133
2024-05-06,11.6,2.451005098112319,0.01826932065322806
2024-05-07,11.38,2.431857428698185,-0.01914766941413415
2024-05-08,11.21,2.4168062370840686,-0.015051191614116277
2024-05-09,11.25,2.4203681286504293,0.0035618915663606643
2024-05-10,11.13,2.4096441652874536,-0.010723963362975653
2024-05-13,11.18,2.414126467726953,0.0044823024394995414
2024-05-14,11.33,2.427454075039915,0.013327607312962009
2024-05-15,11.5,2.4423470353692043,0.014892960329289107
2024-05-16,11.41,2.4344901638739844,-0.007856871495219853
2024-05-17,11.23,2.418588768750352,-0.015901395123632422
2024-05-20,11.37,2.4309783077624445,0.012389539012092499
2024-05-21,11.23,2.418588768750352,-0.012389539012092499
2024-05-22,11.29,2.4239173781615704,0.005328609411218377
2024-05-23,10.94,2.392425796993835,-0.031491581167735205
2024-05-24,10.98,2.3960754360813845,0.003649639087549339
2024-05-28,10.83,2.382320061012899,-0.013755375068485343
2024-05-29,10.73,2.373043556642607,-0.009276504370292038
2024-05-30,10.39,2.340843805111136,-0.032199751531471144
2024-05-31,10.36,2.337952236831337,-0.002891568279799195
2024-06-03,10.86,2.3850863145057892,0.047134077674452435
2024-06-04,10.73,2.373043556642607,-0.012042757863182096
2024-06-05,10.88,2.3869262414277967,0.013882684785189614
2024-06-06,10.62,2.362739015813793,-0.024187225614003882
2024-06-07,10.47,2.3485140248824456,-0.014224990931347214
2024-06-10,10.58,2.3589654264301534,0.01045140154770774
2024-06-11,10.57,2.3580197998821464,-0.0009456265480070059
2024-06-12,10.83,2.382320061012899,0.024300261130752787
2024-06-13,10.81,2.3804716316511167,-0.0018484293617824221
2024-06-14,10.69,2.3693087250369538,-0.01116290661416297
2024-06-17,10.72,2.372111155642656,0.0028024306057021775
2024-06-18,10.84,2.3832429960115,0.01113184036884407
2024-06-20,10.8,2.379546134130174,-0.003696861881326008
2024-06-21,10.69,2.3693087250369538,-0.01023740909322024
2024-06-24,10.91,2.3896797998449792,0.02037107480802547
2024-06-25,10.83,2.382320061012899,-0.007359738832080076
2024-06-26,10.57,2.3580197998821464,-0.024300261130752787
2024-06-27,10.57,2.3580197998821464,0.0
2024-06-28,10.57,2.3580197998821464,0.0
2024-07-01,10.83,2.382320061012899,0.024300261130752787
2024-07-02,10.56,2.3570732782781154,-0.025246782734783757
2024-07-03,10.48,2.349468678892896,-0.007604599385219402
2024-07-05,10.65,2.365559892155434,0.01609121326253815
2024-07-08,10.72,2.372111155642656,0.006551263487221792
2024-07-09,10.83,2.382320061012899,0.010208905370243215
2024-07-10,11.25,2.4203681286504293,0.0380480676375301
2024-07-11,11.24,2.419478844465545,-0.0008892841848844313
2024-07-12,11.35,2.4292177439274116,0.00973889946186679
2024-07-15,11.5,2.4423470353692043,0.013129291441792645
2024-07-16,11.61,2.4518667957098,0.009519760340595873
2024-07-17,11.25,2.4203681286504293,-0.03149866705937088
2024-07-18,11.11,2.4078456036515385,-0.012522524998890727
2024-07-19,11.0,2.3978952727983707,-0.009950330853167877
2024-07-22,11.13,2.4096441652874536,0.011748892489082952
2024-07-23,11.01,2.3988039507345884,-0.010840214552865213
2024-07-24,10.75,2.3749057545736716,-0.023898196160916818
2024-07-25,10.74,2.3739750890807185,-0.0009306654929530644
2024-07-26,10.8,2.379546134130174,0.005571045049455492
2024-07-29,10.68,2.3683728335320486,-0.01117330059812538
2024-07-30,10.67,2.367436065313662,-0.0009367682183865078
2024-07-31,10.85,2.3841650799864684,0.016729014672806297
2024-08-01,10.62,2.362739015813793,-0.021426064172675563
2024-08-02,10.51,2.3523271848888596,-0.010411830924933252
2024-08-05,10.3,2.33214389523559,-0.020183289653269654
2024-08-06,10.33,2.3350522831315472,0.002908387895957265
2024-08-07,10.17,2.3194422100604686,-0.015610073071078645
2024-08-08,10.85,2.3841650799864684,0.06472286992599985
2024-08-09,11.12,2.4087452888224363,0.0245802088359679
2024-08-12,11.18,2.414126467726953,0.005381178904516837
2024-08-13,11.36,2.4300984132930052,0.01597194556605208
2024-08-14,11.43,2.4362414778067194,0.006143064513714158
2024-08-15,11.31,2.425687290128029,-0.010554187678690319
2024-08-16,11.19,2.4150205223238337,-0.010666767804195398
2024-08-19,11.49,2.4414770918606643,0.02645656953683062
2024-08-20,11.48,2.4406063908914204,-0.0008707009692439094
2024-08-21,11.79,2.4672517145492794,0.026645323657858988
2024-08-22,11.68,2.457877977400081,-0.009373737149198202
2024-08-23,11.88,2.474856313934499,0.016978336534417604
2024-08-26,11.78,2.4664031782234406,-0.008453135711058213
2024-08-27,11.85,2.47232786758114,0.005924689357699631
2024-08-28,12.0,2.4849066497880004,0.01257878220686015
2024-08-29,12.02,2.4865719291070616,0.0016652793190612414
2024-08-30,12.23,2.503891949699081,0.017320020592019425
2024-09-03,11.77,2.4655539212721855,-0.03833802842689549
2024-09-04,11.75,2.463853240590168,-0.0017006806820174525
2024-09-05,12.19,2.5006159434931803,0.0367627029030122
2024-09-06,12.3,2.509599262378372,0.008983318885191771
2024-09-09,12.5,2.5257286443082556,0.016129381929883557
2024-09-10,12.19,2.5006159434931803,-0.02511270081507533
2024-09-11,12.38,2.5160822672564502,0.015466323763269951
2024-09-12,12.12,2.4948569806411682,-0.021225286615282002
2024-09-13,11.94,2.479894107964456,-0.014962872676712369
2024-09-16,12.04,2.488234439880675,0.008340331916218968
2024-09-17,12.05,2.489064659936664,0.0008302200559890949
2024-09-18,12.0,2.4849066497880004,-0.004158010148663571
2024-09-19,11.92,2.4782176616372036,-0.006688988150796771
2024-09-20,11.97,2.482403519569882,0.0041858579326783385
2024-09-23,11.9,2.4765384001174837,-0.005865119452398204
2024-09-24,11.69,2.458733775483977,-0.017804624633506627
2024-09-25,11.77,2.4655539212721855,0.006820145788208443
2024-09-26,11.57,2.448415541205585,-0.01713838006660051
2024-09-27,11.48,2.4406063908914204,-0.007809150314164626
2024-09-30,11.54,2.4458192610799534,0.005212870188533003
2024-10-01,11.37,2.4309783077624445,-0.014840953317508898
2024-10-02,11.28,2.423031246069913,-0.007947061692531676
2024-10-03,11.21,2.4168062370840686,-0.006225008985844216
2024-10-04,11.38,2.431857428698185,0.015051191614116277
2024-10-07,11.21,2.4168062370840686,-0.015051191614116277
2024-10-08,11.28,2.423031246069913,0.006225008985844216
2024-10-09,11.51,2.4432162227337915,0.02018497666387864
2024-10-10,11.87,2.4740142086215764,0.03079798588778493
2024-10-11,11.9,2.4765384001174837,0.002524191495907324
2024-10-14,11.84,2.4714836294558595,-0.005054770661624186
2024-10-15,11.88,2.474856313934499,0.003372684478639254
2024-10-16,11.97,2.482403519569882,0.007547205635383136
2024-10-17,11.91,2.477378383367209,-0.005025136202672975
2024-10-18,11.92,2.4782176616372036,0.0008392782699946366
2024-10-21,11.62,2.4527277514237653,-0.02548991021343827
2024-10-22,11.73,2.462149662665384,0.00942191124161873
2024-10-23,11.62,2.4527277514237653,-0.00942191124161873
2024-10-24,11.8,2.468099531471619,0.015371780047853889
2024-10-25,11.92,2.4782176616372036,0.010118130165584382
2024-10-28,11.84,2.4714836294558595,-0.006734032181344052
2024-10-29,11.58,2.449279472144849,-0.02220415731101033
2024-10-30,11.78,2.4664031782234406,0.017123706078591372
2024-10-31,11.55,2.446685436967803,-0.019717741255637744
2024-11-01,11.68,2.457877977400081,0.011192540432278353
2024-11-04,11.53,2.4449523342809676,-0.012925643119113595
2024-11-05,11.66,2.4561641809223462,0.011211846641378642
2024-11-06,11.75,2.463853240590168,0.0076890596678218515
2024-11-07,11.76,2.464703942470481,0.0008507018803127764
2024-11-08,11.87,2.4740142086215764,0.009310266151095536
2024-11-11,11.81,2.468946630209271,-0.00506757841230554
2024-11-12,11.64,2.454447442303292,-0.014499187905979039
2024-11-13,11.95,2.4807312783775197,0.026283836074227906
2024-11-14,11.64,2.454447442303292,-0.026283836074227906
2024-11-15,11.2,2.4159137783010487,-0.03853366400224312
2024-11-18,11.16,2.412335956953165,-0.0035778213478838694
2024-11-19,11.31,2.425687290128029,0.013351333174864255
2024-11-20,11.49,2.4414770918606643,0.015789801732635222
2024-11-21,11.82,2.469793011977952,0.028315920117287785
2024-11-22,12.53,2.528125768907977,0.05833275693002493
2024-11-25,12.46,2.522523513359307,-0.005602255548669888
2024-11-26,12.7,2.5416019934645457,0.019078480105238604
2024-11-27,12.69,2.540814281726296,-0.0007877117382495413
2024-11-29,12.71,2.542389085201363,0.0015748034750666662
2024-12-02,12.48,2.5241273629412815,-0.01826172226008138
2024-12-03,12.12,2.4948569806411682,-0.02927038230011325
2024-12-04,12.11,2.494031557565001,-0.0008254230761672865
2024-12-05,12.08,2.4915511925066687,-0.002480365058332268
2024-12-06,12.36,2.514465452029545,0.02291425952287618
2024-12-09,12.22,2.503073953743449,-0.011391498286095647
2024-12-10,12.09,2.492378664626701,-0.010695289116747997
2024-12-11,12.11,2.494031557565001,0.0016528929382997326
2024-12-12,11.88,2.474856313934499,-0.01917524363050216
2024-12-13,11.84,2.4714836294558595,-0.003372684478639254
2024-12-16,12.1,2.4932054526026954,0.021721823146835906
2024-12-17,12.15,2.4973291697865574,0.004123717183861952
2024-12-18,11.69,2.458733775483977,-0.0385953943025803
2024-12-19,11.5,2.4423470353692043,-0.016386740114772813
2024-12-20,11.57,2.448415541205585,0.006068505836380744
2024-12-23,11.97,2.482403519569882,0.0339879783642969
2024-12-24,12.0,2.4849066497880004,0.0025031302181184323
2024-12-26,12.0,2.4849066497880004,0.0
2024-12-27,11.8,2.468099531471619,-0.016807118316381153
2024-12-30,11.43,2.4362414778067194,-0.0318580536648998
2024-12-31,11.83,2.4706386779902956,0.03439720018357617
2025-01-02,12.08,2.4915511925066687,0.020912514516373104
2025-01-03,11.69,2.458733775483977,-0.032817417022691586
2025-01-06,11.51,2.4432162227337915,-0.015517552750185626
2025-01-07,11.52,2.444084655267745,0.0008684325339536336
2025-01-08,11.02,2.3997118037247684,-0.044372851542976655
2025-01-10,10.63,2.363680192353857,-0.0360316113709116
2025-01-13,10.74,2.3739750890807185,0.01029489672686168
2025-01-14,10.94,2.392425796993835,0.01845070791311665
2025-01-15,11.07,2.4042387467205457,0.011812949726710542
2025-01-16,10.89,2.387844936944869,-0.016393809775676615
2025-01-17,11.15,2.411439497906128,0.023594560961258892
2025-01-21,11.27,2.422144328051685,0.010704830145556787
2025-01-22,11.16,2.412335956953165,-0.009808371098519952
2025-01-23,11.21,2.4168062370840686,0.004470280130903781
2025-01-24,11.17,2.413231613081109,-0.0035746240029594922
2025-01-27,11.14,2.410542234499138,-0.002689378581971269
2025-01-28,11.15,2.411439497906128,0.0008972634069901453
2025-01-29,11.13,2.4096441652874536,-0.0017953326186743723
2025-01-30,11.37,2.4309783077624445,0.02133414247499088
2025-01-31,11.13,2.4096441652874536,-0.02133414247499088
2025-02-03,10.7,2.3702437414678603,-0.0394004238195933
2025-02-04,10.84,2.3832429960115,0.012999254543639704
2025-02-05,10.97,2.395164274287139,0.011921278275639047
2025-02-06,10.87,2.386006701133118,-0.009157573154021215
2025-02-07,10.89,2.387844936944869,0.0018382358117512432
2025-02-10,10.79,2.378619779270043,-0.009225157674825901
2025-02-11,10.49,2.3504224224082058,-0.02819735686183744
2025-02-12,10.44,2.3456445824544927,-0.004777839953713059
2025-02-13,10.45,2.34660197841082,0.0009573959563273782
2025-02-14,10.56,2.3570732782781154,0.010471299867295336
2025-02-18,10.68,2.3683728335320486,0.011299555253933224
2025-02-19,10.67,2.367436065313662,-0.0009367682183865078
2025-02-20,10.72,2.372111155642656,0.004675090328993825
2025-02-21,10.68,2.3683728335320486,-0.0037383221106073172
2025-02-24,10.51,2.3523271848888596,-0.016045648643189026
2025-02-25,10.49,2.3504224224082058,-0.0019047624806538543
2025-02-26,10.6,2.3608540011180215,0.010431578709815703
2025-02-27,10.38,2.3398808777377424,-0.020973123380279013
2025-02-28,10.74,2.3739750890807185,0.03409421134297608
2025-03-03,10.17,2.3194422100604686,-0.05453287902024995
2025-03-04,10.32,2.334083760053417,0.0146415499929482
2025-03-05,10.7,2.3702437414678603,0.03615998141444354
2025-03-06,10.6,2.3608540011180215,-0.00938974034983886
2025-03-07,10.64,2.3646204839134985,0.0037664827954770885
2025-03-10,10.58,2.3589654264301534,-0.0056550574833451606
2025-03-11,10.55,2.3561258599220753,-0.0028395665080780397
2025-03-12,10.6,2.3608540011180215,0.004728141195946112
2025-03-13,10.42,2.343727036325221,-0.017126964792800514
2025-03-14,10.66,2.3664984187376983,0.022771382412477337
2025-03-17,10.85,2.3841650799864684,0.017666661248770144
2025-03-18,10.71,2.3711778844596574,-0.012987195526811046
2025-03-19,10.94,2.392425796993835,0.021247912534177793
2025-03-20,10.97,2.395164274287139,0.002738477293303898
2025-03-21,10.79,2.378619779270043,-0.016544495017095873
2025-03-24,10.83,2.382320061012899,0.003700281742855971
2025-03-25,10.67,2.367436065313662,-0.01488399569923704
2025-03-26,10.44,2.3456445824544927,-0.02179148285916943
2025-03-27,10.48,2.349468678892896,0.0038240964384033127
2025-03-28,10.38,2.3398808777377424,-0.009587801155153564
2025-03-31,10.09,2.3115448343655176,-0.02833604337222484
2025-04-01,9.85,2.2874714551839976,-0.02407337918151997
2025-04-02,10.08,2.3105532626432224,0.023081807459224724
2025-04-03,10.01,2.303584593327129,-0.006968669316093301
2025-04-04,9.46,2.247072383063787,-0.056512210263341967
2025-04-07,9.26,2.225704048658088,-0.021368334405698963
2025-04-08,9.08,2.206074192613202,-0.019629856044886207
2025-04-09,9.89,2.2915241456346207,0.08544995302141878
2025-04-10,9.65,2.2669579153508947,-0.024566230283725954
2025-04-11,9.86,2.288486168614544,0.021528253263649155
2025-04-14,10.19,2.321406847234633,0.032920678620089294
2025-04-15,10.06,2.3085671646715933,-0.012839682563039911
2025-04-16,10.02,2.3045830956567186,-0.0039840690148746916
2025-04-17,10.15,2.3174737054877963,0.012890609831077704
2025-04-21,10.04,2.306577114263583,-0.010896591224213381
2025-04-22,10.42,2.343727036325221,0.03714992206163803
2025-04-23,10.74,2.3739750890807185,0.03024805275549758
2025-04-24,11.0,2.3978952727983707,0.023920183717652144
2025-04-25,11.01,2.3988039507345884,0.0009086779362177388
2025-04-28,11.19,2.4150205223238337,0.016216571589245277
2025-04-29,11.29,2.4239173781615704,0.008896855837736695
2025-04-30,11.62,2.4527277514237653,0.028810373262194933
2025-05-01,11.58,2.449279472144849,-0.003448279278916111
2025-05-02,11.48,2.4406063908914204,-0.008673081253428805
2025-05-05,11.57,2.448415541205585,0.007809150314164626
2025-05-06,11.06,2.403334996094189,-0.04508054511139603
2025-05-07,11.17,2.413231613081109,0.009896616986920126
2025-05-08,11.03,2.400618833265411,-0.012612779815698083
2025-05-09,10.64,2.3646204839134985,-0.035998349351912484
2025-05-12,10.99,2.39698576841553,0.032365284502031244
2025-05-13,10.76,2.3758355547336385,-0.021150213681891294
2025-05-14,10.67,2.367436065313662,-0.00839948941997637
2025-05-15,10.76,2.3758355547336385,0.00839948941997637
2025-05-16,10.79,2.378619779270043,0.0027842245364047002
2025-05-19,10.84,2.3832429960115,0.004623216741456826
2025-05-20,11.04,2.401525040848949,0.018282044837448996
2025-05-21,10.91,2.3896797998449792,-0.011845241003969775
2025-05-22,10.94,2.392425796993835,0.0027459971488559276
2025-05-23,10.87,2.386006701133118,-0.0064190958607173165
2025-05-27,10.76,2.3758355547336385,-0.010171146399479358
2025-05-28,10.62,2.362739015813793,-0.013096538919845635
2025-05-29,11.3,2.424802725718295,0.06206370990450205
2025-05-30,10.99,2.39698576841553,-0.027816957302765122
2025-06-02,11.17,2.413231613081109,0.016245844665579323
2025-06-03,11.245,2.419923585411279,0.006691972330169715
2025-06-04,11.21,2.4168062370840686,-0.003117348327210223
2025-06-05,11.2,2.4159137783010487,-0.0008924587830199116
2025-06-06,11.23,2.418588768750352,0.002674990449303305
2025-06-09,11.08,2.405141681319138,-0.013447087431214033
2025-06-10,11.37,2.4309783077624445,0.025836626443306532
2025-06-11,11.28,2.423031246069913,-0.007947061692531676
2025-06-12,11.47,2.4397349311412793,0.016703685071366436
2025-06-13,11.32,2.4265710727750367,-0.013163858366242565
2025-06-16,11.08,2.405141681319138,-0.021429391455898728
2025-06-17,11.11,2.4078456036515385,0.0027039223324005768
2025-06-18,11.44,2.437115985951652,0.02927038230011325
2025-06-20,11.45,2.4379897300002487,0.0008737440485968584
2025-06-23,11.5,2.4423470353692043,0.004357305368955622
2025-06-24,11.54,2.4458192610799534,0.0034722257107491217
2025-06-25,11.4,2.4336133554004498,-0.012205905679503637
2025-06-26,11.6,2.451005098112319,0.017391742711869274
2025-06-27,11.39,2.432735777459091,-0.01826932065322806
2025-06-30,11.27,2.422144328051685,-0.010591449407406195
2025-07-01,10.94,2.392425796993835,-0.029718531057849606
2025-07-02,10.97,2.395164274287139,0.002738477293303898
2025-07-03,10.99,2.39698576841553,0.0018214941283907216
2025-07-07,10.74,2.3739750890807185,-0.023010679334811268
2025-07-08,10.86,2.3850863145057892,0.011111225425070703
2025-07-09,11.22,2.4176979000945504,0.032611585588761205
2025-07-10,11.57,2.448415541205585,0.030717641111034588
2025-07-11,11.36,2.4300984132930052,-0.018317127912579778
2025-07-14,11.63,2.453587966530573,0.02348955323756785
2025-07-15,11.36,2.4300984132930052,-0.02348955323756785
2025-07-16,11.54,2.4458192610799534,0.015720847786948156
2025-07-17,11.65,2.4553061800117097,0.00948691893175635
2025-07-18,11.44,2.437115985951652,-0.01819019406005795
2025-07-21,11.48,2.4406063908914204,0.0034904049397685988
2025-07-22,11.5,2.4423470353692043,0.0017406444777838814
2025-07-23,11.39,2.432735777459091,-0.009611257910113302
2025-07-24,11.38,2.431857428698185,-0.0008783487609060892
2025-07-25,11.55,2.446685436967803,0.014828008269617943
2025-07-28,11.35,2.4292177439274116,-0.017467693040391197
2025-07-29,11.42,2.435366204227864,0.006148460300452463
2025-07-30,11.4,2.4336133554004498,-0.0017528488274143328
2025-07-31,11.36,2.4300984132930052,-0.0035149421074445186
2025-08-01,11.31,2.425687290128029,-0.004411123164976161
2025-08-04,11.51,2.4432162227337915,0.017528932605762382
2025-08-05,11.63,2.453587966530573,0.01037174379678163
2025-08-06,11.65,2.4553061800117097,0.0017182134811366545
2025-08-07,11.55,2.446685436967803,-0.00862074304390692
2025-08-08,11.49,2.4414770918606643,-0.005208345107138523
2025-08-11,11.17,2.413231613081109,-0.02824547877955519
2025-08-12,11.57,2.448415541205585,0.035183928124475905
2025-08-13,11.96,2.481567748522486,0.03315220731690083
2025-08-14,11.75,2.463853240590168,-0.01771450793231777
2025-08-15,11.85,2.47232786758114,0.008474626990972123
2025-08-18,11.81,2.468946630209271,-0.00338123737186935
2025-08-19,11.76,2.464703942470481,-0.004242687738789996
2025-08-20,11.72,2.4612967841488667,-0.003407158321614201
2025-08-21,11.81,2.468946630209271,0.007649846060404197
2025-08-22,11.92,2.4782176616372036,0.00927103142793273
2025-08-25,11.64,2.454447442303292,-0.02377021933391177
2025-08-26,11.84,2.4714836294558595,0.017036187152567717
2025-08-27,11.99,2.4840729690394228,0.01258933958356323
2025-08-28,11.94,2.479894107964456,-0.0041788610749669
2025-08-29,11.93,2.4790562361098245,-0.0008378718546313557
2025-09-02,12.39,2.516889695641051,0.03783345953122641
2025-09-03,12.59,2.532902848056256,0.016013152415204956
2025-09-04,12.57,2.531313022602156,-0.0015898254540998025
2025-09-05,12.92,2.558776498354456,0.027463475752299793
2025-09-08,12.91,2.558002204858551,-0.0007742934959047432
2025-09-09,13.48,2.601207105484161,0.04320490062560989
2025-09-10,13.77,2.6224923127405635,0.021285207256402483
2025-09-11,14.41,2.667922410011431,0.04543009727086744
2025-09-12,14.08,2.644755350729896,-0.02316705928153473
2025-09-15,13.95,2.6354795082673745,-0.009275842462521666
2025-09-16,14.18,2.6518325211039815,0.01635301283660695
2025-09-17,15.28,2.7265447837383743,0.07471226263439279
2025-09-18,15.09,2.7140322727797574,-0.01251251095861683
2025-09-19,15.04,2.7107133185216936,-0.003318954258063833
2025-09-22,14.94,2.7040421797046714,-0.006671138817022193
2025-09-23,14.74,2.6905648867611904,-0.01347729294348099
2025-09-24,14.7,2.6878474937846906,-0.002717392976499866
2025-09-25,14.96,2.7053799725463312,0.017532478761640657
2025-09-26,15.17,2.719319793360441,0.013939820814109716
2025-09-29,15.1,2.714694743820879,-0.004625049539562109
2025-09-30,15.13,2.7166795278002644,0.001984783979385618
2025-10-01,15.75,2.7568403652716422,0.040160837471377775
2025-10-02,15.98,2.7713379403381286,0.014497575066486412
2025-10-03,16.17,2.783157673589016,0.011819733250887143
2025-10-06,16.26,2.7887081041196646,0.005550430530648853
2025-10-07,16.12,2.7800607370784824,-0.008647367041182186
2025-10-08,16.03,2.7744619666214616,-0.005598770457020841
2025-10-09,16.12,2.7800607370784824,0.005598770457020841
2025-10-10,16.04,2.7750856024383683,-0.0049751346401141205
2025-10-13,16.21,2.785628335747585,0.010542733309216512
2025-10-14,16.4,2.797281334830153,0.011652999082568005
2025-10-15,16.99,2.8326249356838407,0.03534360085368782
2025-10-16,17.11,2.839663087904102,0.007038152220261384
2025-10-17,17.26,2.848391685655282,0.008728597751179734
2025-10-20,17.74,2.8758219768814333,0.027430291226151482
2025-10-21,17.87,2.8831233291713367,0.007301352289903473
2025-10-22,17.96,2.8881470628740535,0.005023733702716804
2025-10-23,18.12,2.8970163006148333,0.008869237740779745
2025-10-24,18.22,2.9025198918318122,0.005503591216978965
2025-10-27,18.81,2.934388643312939,0.03186875148112689
2025-10-28,18.41,2.9128939952449864,-0.02149464806795276
2025-10-29,18.76,2.9317269435780786,0.018832948333092236
2025-10-30,19.58,2.9745086371023644,0.042781693524285735
2025-10-31,19.99,2.995232148512309,0.02072351140994444
2025-11-03,19.6,2.975529566236472,-0.01970258227583699
2025-11-04,19.87,2.9892110565637253,0.01368149032725352
2025-11-05,20.23,3.007166651179654,0.01795559461592866
2025-11-06,20.57,3.0238337036648657,0.01666705248521172
2025-11-07,20.62,3.026261478588814,0.0024277749239480784
2025-11-10,21.17,3.0525850851467737,0.026323606557959955
2025-11-11,20.9,3.039749158970765,-0.012835926176008705
2025-11-12,21.32,3.0596455992976437,0.01989644032687865
2025-11-13,20.56,3.0233474405869645,-0.03629815871067921
2025-11-14,20.29,3.0101281538377234,-0.01321928674924111
2025-11-17,20.56,3.0233474405869645,0.01321928674924111
2025-11-18,20.52,3.021400020302569,-0.0019474202843956512
2025-11-19,20.34,3.012589390620414,-0.008810629682154847
2025-11-20,20.27,3.0091419604639085,-0.0034474301565055043
2025-11-21,20.22,3.006672213592325,-0.0024697468715833004
2025-11-24,20.3,3.0106208860477417,0.003948672455416524
2025-11-25,20.86,3.0378334495726262,0.027212563524884548
2025-11-26,20.87,3.038312721089109,0.00047927151648297084
2025-11-28,20.81,3.035433640405543,-0.0028790806835661265
2025-12-01,20.22,3.006672213592325,-0.028761426813217916
2025-12-02,20.1,3.0007198150650303,-0.0059523985272949
2025-12-03,20.7,3.0301337002713233,0.029413885206293067
2025-12-04,21.18,3.0530573401732606,0.022923639901937243
2025-12-05,20.97,3.0430928449138284,-0.009964495259432216
2025-12-08,20.99,3.0440461338325417,0.0009532889187133797
2025-12-09,20.43,3.0170044088295307,-0.027041725003011052
2025-12-10,20.24,3.0076608444192647,-0.009343564410265959
2025-12-11,21.34,3.060583245873607,0.05292240145434235
2025-12-12,22.1,3.095577608523707,0.03499436265009992
2025-12-15,21.9,3.086486636822455,-0.009090971701251949
2025-12-16,22.94,3.1328821117012247,0.046395474878769605
2025-12-17,22.7,3.122364924487357,-0.01051718721386763
2025-12-18,21.79,3.0814511489565284,-0.040913775530828644
2025-12-19,22.41,3.1095072878128356,0.0280561388563072
2025-12-22,22.68,3.121483478859551,0.011976191046715545
2025-12-23,22.45,3.1112906141882632,-0.010192864671287882
2025-12-24,22.5,3.1135153092103742,0.0022246950221109785
2025-12-26,22.23,3.101442727976105,-0.01207258123426902
2025-12-29,21.7,3.077312260546414,-0.024130467429691382
2025-12-30,21.63,3.0740812399649675,-0.003231020581446309
2025-12-31,21.7,3.077312260546414,0.003231020581446309
2026-01-02,21.93,3.0878555624297968,0.010543301883382927
2026-01-05,21.3,3.0587070727153796,-0.02914848971441719
2026-01-06,21.61,3.0731561705187946,0.014449097803415079
2026-01-07,21.98,3.090132948975475,0.016976778456680552
2026-01-08,21.78,3.0809921175048145,-0.009140831470660693
2026-01-09,21.98,3.090132948975475,0.009140831470660693
2026-01-12,22.16,3.098288861879083,0.008155912903607732
2026-01-13,23.44,3.154443964708812,0.05615510282972913
2026-01-14,23.81,3.170105660498771,0.01566169578995913
2026-01-15,23.3,3.1484533605716547,-0.02165229992711648
2026-01-16,23.13,3.141130476243348,-0.007322884328306856
2026-01-20,22.98,3.1346242724206097,-0.006506203822738144
2026-01-21,22.98,3.1346242724206097,0.0
2026-01-22,22.97,3.134189016701007,-0.0004352557196027895
2026-01-23,22.58,3.1170645587215158,-0.017124457979491137
2026-01-26,22.73,3.123685637864452,0.006621079142936193
2026-01-27,22.53,3.114847754444153,-0.008837883420298898
2026-01-28,21.91,3.086943153607375,-0.027904600836778037
2026-01-29,22.02,3.091951131294534,0.005007977687158771
2026-01-30,21.62,3.073618812211062,-0.01833231908347166
2026-02-02,21.94,3.088311454847084,0.01469264263602188
2026-02-03,21.97,3.089677886396519,0.0013664315494348322
2026-02-04,21.65,3.075005454448499,-0.014672431948020037
2026-02-05,21.14,3.051166980442092,-0.02383847400640704
2026-02-06,25.82,3.2511493854184965,0.19998240497640474
2026-02-09,27.67,3.3203487937988347,0.06919940838033822
2026-02-10,27.35,3.3087165288679903,-0.01163226493084446
2026-02-11,26.8,3.288401887516811,-0.02031464135117922
2026-02-12,26.75,3.2865344733420154,-0.001867414174795634
2026-02-13,26.45,3.2752561583043085,-0.011278315037706932
2026-02-17,27.09,3.2991646560970036,0.023908497792695105
2026-02-18,27.48,3.3134584673541485,0.014293811257144906
2026-02-19,27.52,3.314913013065143,0.0014545457109944593
2026-02-20,27.15,3.3013770463799443,-0.01353596668519863
2026-02-23,27.76,3.3235961356386037,0.02221908925865934
2026-02-24,28.26,3.3414473772563813,0.017851241617777625
2026-02-25,28.66,3.3555024224000256,0.014055045143644307
2026-02-26,28.49,3.3495531485098167,-0.005949273890208939
2026-02-27,28.94,3.365224721203338,0.015671572693521263
2026-03-02,28.08,3.3350575791576103,-0.03016714204572768
2026-03-03,27.85,3.326832966373293,-0.008224612784317298
2026-03-04,29.5,3.3843902633457743,0.05755729697248135
2026-03-05,29.73,3.3921566370100065,0.007766373664232162
