date,r
2016-01-05,-0.007391137169567852
2016-01-06,-0.0014850236541288364
2016-01-07,-0.025584299973719027
2016-01-08,-0.05644164327474277
2016-01-11,-0.032789564197320153
2016-01-12,0.011599204570911903
2016-01-13,-0.003300333250674914
2016-01-14,0.016393810871326853
2016-01-15,-0.03474315667833472
2016-01-18,-0.030771596470513307
2016-01-19,0.029087019372949774
2016-01-20,0.023334256155246313
2016-01-21,0.006568035110156023
2016-01-22,0.009772132752252416
2016-01-26,-0.03127834232457327
2016-01-27,0.053715119286231516
2016-01-28,-0.0420772780747416
2016-01-29,0.051541072931294396
2016-02-01,0.009375260657979112
2016-02-02,-0.05597004342151446
2016-02-03,0.003284009030504853
2016-02-04,0.043310773733030494
2016-02-05,-0.051541072931294396
2016-02-10,-0.008298871320236989
2016-02-11,-0.054808172378805864
2016-02-12,0.054808172378805864
2016-02-15,0.014888547562021737
2016-02-16,0.03390168778686076
2016-02-17,-0.006369578943086651
2016-02-18,0.018987915919290943
2016-02-19,-0.015798314673051816
2016-02-22,0.04666503043510972
2016-02-23,-0.03873457847682338
2016-02-24,0.007867862714765472
2016-02-25,0.010912161938840814
2016-02-26,0.032039110894188205
2016-02-29,0.042622481078567365
2016-03-01,0.039497489364114235
2016-03-02,-0.0027707630589364207
2016-03-03,0.023305031774334628
2016-03-04,0.03462397208549972
2016-03-07,0.0026144875710725213
2016-03-08,-0.03183282013349631
2016-03-09,0.00805351680488875
2016-03-10,0.021164815757535038
2016-03-11,0.003918906734596828
2016-03-14,0.0026041689677842594
2016-03-15,-0.014407480916002857
2016-03-16,0.017005203047147033
2016-03-17,0.05057947948469721
2016-03-18,-0.0338588326976188
2016-03-21,0.04000523469602624
2016-03-22,0.008541747494973384
2016-03-23,-0.019632637367478445
2016-03-24,0.015980875654100224
2016-03-28,-0.0012203560783177192
2016-03-29,0.003656510306468297
2016-03-30,0.0024299369580853547
2016-03-31,-0.028309384945905958
2016-04-01,0.004981127784178696
2016-04-04,-0.04315370128920848
2016-04-05,-0.0316232975775288
2016-04-06,-0.006715832818420253
2016-04-07,0.009389522638688641
2016-04-08,0.005326353716505361
2016-04-11,-0.03376418332152231
2016-04-12,0.02843782960501695
2016-04-13,0.02485486593669428
2016-04-14,-0.031230900876336953
2016-04-15,0.023177469163965014
2016-04-18,-0.008119140145744774
2016-04-19,0.005419755975365925
2016-04-20,0.013423050384896884
2016-04-22,0.07696110781402132
2016-04-25,-0.050643432284380285
2016-04-26,0.02310741583528264
2016-04-27,-0.0012698944626219344
2016-04-28,-0.021837521372660706
2016-04-29,-0.007822948181714029
2016-05-02,0.005221954810275875
2016-05-03,0.006489277443953112
2016-05-04,-0.04633505482669764
2016-05-05,-0.02469288164568262
2016-05-06,0.015162443918181001
2016-05-09,-0.02914838136778819
2016-05-10,0.04408424810531342
2016-05-11,-0.01630474069762644
2016-05-12,0.03367312215692997
2016-05-13,-0.02142008766796266
2016-05-16,-0.00542700206524005
2016-05-17,-0.012320343729643968
2016-05-18,-0.011080686519676641
2016-05-19,-0.02968438920884875
2016-05-20,-0.014451035271317636
2016-05-23,-0.0014563781641154794
2016-05-24,0.013033841845224714
2016-05-25,0.0
2016-05-27,0.001438103262870083
2016-05-30,0.004301033412100752
2016-05-31,0.018427261260540062
2016-06-01,-0.01557033739174618
2016-06-02,-0.01147756951832024
2016-06-03,0.020000591812641577
2016-06-06,-0.027241939977708407
2016-06-07,0.039891077502325345
2016-06-08,-0.012649137524616938
2016-06-09,-0.012811304009471947
2016-06-10,-0.033506646549188
2016-06-13,-0.014925739130345006
2016-06-14,-0.02281448023696253
2016-06-15,0.028811571210424214
2016-06-16,-0.005997090973461683
2016-06-17,0.011958608165858697
2016-06-20,0.01328382671503947
2016-06-21,0.018882171970020734
2016-06-22,-0.021819038151341674
2016-06-23,0.023257141414211757
2016-06-24,-0.056144901397944924
2016-06-27,-0.029300477608931397
2016-06-28,0.038377954080022425
2016-06-29,0.02381028351264214
2016-06-30,0.005865248548978741
2016-07-01,0.028820497914324728
2016-07-04,-0.020086569552748124
2016-07-05,-0.004357602440322905
2016-07-06,-0.008772121547170553
2016-07-07,0.02322315681848819
2016-07-08,0.024097882584917185
2016-07-11,0.027625793176994984
2016-07-12,-0.004095414767368855
2016-07-13,0.041533021362899714
2016-07-14,0.020780317630207934
2016-07-15,-0.007742399171146053
2016-07-18,0.005168083647157706
2016-07-19,0.014075706385225706
2016-07-20,-0.0025445359060478623
2016-07-21,0.013915446834825262
2016-07-22,0.007509338664509313
2016-07-25,-0.008766062819944631
2016-07-26,0.0370410464381814
2016-07-27,0.012048362152029313
2016-07-28,0.0035863352222946787
2016-07-29,-0.008388465759320507
2016-08-01,0.010772072746116912
2016-08-02,-0.024097507761477566
2016-08-03,0.027662722991101063
2016-08-04,-0.0035652152296234974
2016-08-05,-0.028987503501346934
2016-08-08,0.014598926379478128
2016-08-09,-0.00362972723925159
2016-08-10,-0.024541059284761912
2016-08-11,0.02696237274667168
2016-08-12,0.009627048690119544
2016-08-15,0.014268903655243692
2016-08-16,0.00235877706276022
2016-08-17,0.0011766512818791597
2016-08-18,0.0
2016-08-19,-0.01660758394274442
2016-08-22,-0.014457824444962242
2016-08-23,0.006049396750826386
2016-08-24,0.009603745257132923
2016-08-25,-0.010810700532913442
2016-08-26,0.0
2016-08-29,0.007220357699566193
2016-08-30,-0.016929288339174953
2016-08-31,0.013325435015360654
2016-09-01,0.01433728797574041
2016-09-02,-0.001186899000751085
2016-09-05,-0.008348258437963496
2016-09-06,0.032983029498878436
2016-09-08,-0.03178628144173978
2016-09-09,-0.039029229520245234
2016-09-12,-0.004987749952607645
2016-09-13,-0.015113469485216635
2016-09-14,-0.002541201508332147
2016-09-15,0.02139771488775155
2016-09-16,-0.011270926693658145
2016-09-19,-0.015229053031993178
2016-09-20,-0.005127818977627374
2016-09-21,0.0025672981282138796
2016-09-22,0.019048279506365562
2016-09-23,-0.00504455737198839
2016-09-26,0.001263677483197334
2016-09-27,0.0
2016-09-28,0.015037807015895188
2016-09-29,-0.010000202971668815
2016-09-30,-0.0075662562976444026
2016-10-03,0.013827981022703772
2016-10-04,0.0024937721882045683
2016-10-05,0.016059626229255608
2016-10-06,-0.006146167148480375
2016-10-07,0.024361597903710397
2016-10-10,0.004802130537025828
2016-10-11,0.005969942209091084
2016-10-13,-0.005969942209091084
2016-10-14,0.0035863352222946787
2016-10-17,0.002383606986796405
2016-10-18,0.03048280687254179
2016-10-19,0.0
2016-10-20,-0.002311961423757003
2016-10-21,0.01493457324798042
2016-10-24,-0.01841279918782779
2016-10-25,-0.0011619791686912073
2016-10-26,0.015003242337789047
2016-10-27,-0.0011461797157370501
2016-10-28,0.0068571834198374315
2016-10-31,0.009070374939725623
2016-11-01,-0.01707505331088166
2016-11-03,-0.00922712072119225
2016-11-04,-0.005810648875204327
2016-11-07,0.02645353212220547
2016-11-08,-0.00683384364131534
2016-11-09,-0.005730640800065023
2016-11-10,-0.0579702704382119
2016-11-11,-0.03596144634528908
2016-11-14,0.023706560038265545
2016-11-16,0.041068278046527684
2016-11-17,-0.02032318451856918
2016-11-18,0.0
2016-11-21,0.012004970135072401
2016-11-22,-0.005984422588079408
2016-11-23,0.0035948354229233814
2016-11-24,-0.022989518224698635
2016-11-25,0.008531693779736393
2016-11-28,0.007255184120238178
2016-11-29,-0.01946546809984362
2016-11-30,0.01946546809984362
2016-12-01,-0.04939304846483439
2016-12-02,0.010075772684897899
2016-12-05,-0.011342349643229444
2016-12-06,0.03487274752319136
2016-12-07,0.0036652046151735007
2016-12-08,0.012121673284801071
2016-12-09,-0.02934191388061058
2016-12-12,-0.011229332884096888
2016-12-13,-0.010088378658458463
2016-12-14,-0.03219854722717619
2016-12-15,0.00912086081332597
2016-12-16,-0.007812450052539388
2016-12-19,-0.01183463563043441
2016-12-20,0.02094290439163915
2016-12-21,0.005168083647157706
2016-12-22,-0.018206002106219588
2016-12-23,-0.0013133571184584802
2016-12-26,0.003934596055529038
2016-12-27,-0.0013096044633322812
2016-12-28,0.015605027887307
2016-12-29,0.010269483134766277
2017-01-02,-0.012853674304512008
2017-01-03,0.04304451158578049
2017-01-04,0.019632671965346793
2017-01-05,0.012077561746786536
2017-01-06,-0.012077561746786536
2017-01-09,-0.001215856457218445
2017-01-10,0.009685613302204299
2017-01-11,-0.00483103223064929
2017-01-12,0.009638647285023172
2017-01-13,0.008358037364434745
2017-01-16,0.009467920566780696
2017-01-17,0.0
2017-01-18,0.018669893528761694
2017-01-19,0.01719257270466712
2017-01-20,-0.0034147860455764345
2017-01-23,0.02477573413962264
2017-01-24,0.006652186866508147
2017-01-26,0.0
2017-01-27,-0.006652186866508147
2017-01-30,-0.014565891514526585
2017-01-31,0.010106831873338606
2017-02-01,-0.007852035044399575
2017-02-02,0.002249545672472042
2017-02-03,0.04288740874945174
2017-02-06,0.013896605647205629
2017-02-07,0.001060883774561372
2017-02-08,0.020987007067558183
2017-02-09,-0.0031200927990935323
2017-02-10,0.008298738541598905
2017-02-13,-0.008298738541598905
2017-02-14,0.009331388391156548
2017-02-15,0.02547268728686891
2017-02-16,-0.012145841831888493
2017-02-17,0.0030506209509229
2017-02-20,0.016112767836050645
2017-02-21,-0.016112767836050645
2017-02-22,-0.0020327667841619768
2017-02-23,-0.001017854166760923
2017-02-24,-0.0061286524964403455
2017-03-01,0.0061286524964403455
2017-03-02,-0.0020388216974072115
2017-03-03,0.018200741190653513
2017-03-06,-0.013111298542323402
2017-03-07,-0.01020451297478675
2017-03-08,0.0020491851305255437
2017-03-09,0.0
2017-03-10,-0.0061604414504767835
2017-03-13,0.02441656259749503
2017-03-14,0.005012591314571768
2017-03-15,0.0
2017-03-16,0.022739102809623546
2017-03-17,-0.013779698660399964
2017-03-20,0.020599376501027278
2017-03-21,-0.01467033561439135
2017-03-22,-0.008906204086511327
2017-03-23,0.01773425278100582
2017-03-24,0.0019510690863624447
2017-03-27,-0.0058650538795381735
2017-03-28,-0.009852316488179858
2017-03-29,0.0019783225361535983
2017-03-30,-0.0019783225361535983
2017-03-31,0.0
2017-04-03,0.008871402473682233
2017-04-04,0.01751021085962501
2017-04-05,-0.01554957745463259
2017-04-06,-0.003925352738619159
2017-04-07,-0.014859106921356835
2017-04-10,0.0029896637819846195
2017-04-11,0.0
2017-04-12,0.009901012586177815
2017-04-13,0.01467033561439135
2017-04-17,-0.005842286919896855
2017-04-18,0.004870823876741426
2017-04-19,0.006779892468899318
2017-04-20,0.014596335021990203
2017-04-24,-0.013487758134689942
2017-04-25,0.014444195310608476
2017-04-26,-0.0009564371759185342
2017-04-27,-0.009615633897742226
2017-04-28,-0.008733517362831122
2017-05-02,0.013552891819083923
2017-05-03,-0.02039880752469969
2017-05-04,-0.01085403241924432
2017-05-05,0.0019826200020538476
2017-05-08,0.0
2017-05-09,0.014742237884352694
2017-05-10,0.009708607601284669
2017-05-11,-0.016561147325363956
2017-05-12,0.014626691862095642
2017-05-15,0.0019344554632683142
2017-05-16,-0.006786184661605521
2017-05-17,-0.014698977931647539
2017-05-18,-0.047507447347675535
2017-05-19,-0.03048084087498948
2017-05-22,0.008501934156214253
2017-05-23,0.008429928818713295
2017-05-24,0.006276300900692311
2017-05-25,0.025734476199916312
2017-05-26,0.016129374868937507
2017-05-29,0.0
2017-05-30,-0.018163872216310217
2017-05-31,0.01013190299838751
2017-06-01,-0.021396803093497452
2017-06-02,0.011264900095109942
2017-06-05,0.005078583391262992
2017-06-06,-0.008138353433222445
2017-06-07,-0.009235236386250234
2017-06-08,-0.01873134365138518
2017-06-09,-0.02338006642925783
2017-06-12,0.02232930740757011
2017-06-13,-0.0021052521251263556
2017-06-14,-0.009528995568180765
2017-06-15,0.0
2017-06-16,0.010581967867229647
2017-06-19,0.01047132583907584
2017-06-20,-0.009419046012998367
2017-06-21,-0.0021052521251263556
2017-06-22,0.03112259118444949
2017-06-23,0.004077616432631936
2017-06-26,0.009114056607715026
2017-06-27,-0.03174897046424241
2017-06-28,0.0072579254604483445
2017-06-29,0.0030942419102966134
2017-06-30,0.008205130053150489
2017-07-03,0.013191673040346963
2017-07-04,-0.005053319607124518
2017-07-05,0.020061218064667763
2017-07-06,-0.022089204742059998
2017-07-07,0.0090953944462282
2017-07-10,0.008016109392388504
2017-07-11,0.011904914162620628
2017-07-12,-0.006927213259177334
2017-07-13,-0.000993811099950559
2017-07-14,-0.003983889803492735
2017-07-17,-0.004000141135120705
2017-07-18,0.011952503184750496
2017-07-19,0.0019785409606263293
2017-07-20,-0.008933677784152438
2017-07-21,0.011893274056823389
2017-07-24,0.032948689705943446
2017-07-25,-0.0038203475558611366
2017-07-26,0.016137060026564676
2017-07-27,0.01680695227959972
2017-07-28,-0.0018534121297819617
2017-07-31,-0.013072082531055074
2017-08-01,0.006557253590997236
2017-08-02,0.0267173531541256
2017-08-03,-0.006383755542944902
2017-08-04,-0.001831347343468126
2017-08-07,0.010031624042861731
2017-08-08,-0.005459276672555635
2017-08-09,0.012692613668273234
2017-08-10,-0.001803274724635484
2017-08-11,0.0071943772856537525
2017-08-14,0.02215370232556846
2017-08-15,-0.0008764922900255101
2017-08-16,-0.0008774691593622652
2017-08-17,-0.00351787473955234
2017-08-18,-0.0053008947294308495
2017-08-21,0.0053008947294308495
2017-08-22,0.014866655309222931
2017-08-23,0.0008677084964594517
2017-08-24,0.005190430778992061
2017-08-25,-0.012152927589395013
2017-08-28,-0.008771866995279431
2017-08-29,0.007023417406435195
2017-08-30,-0.004384268113211576
2017-08-31,-0.008825856518590802
2017-09-01,0.0
2017-09-04,-0.006224939240743854
2017-09-05,0.01064756959335611
2017-09-06,-0.0035368178566759223
2017-09-07,0.0
2017-09-08,-0.016972073968215762
2017-09-11,0.01785780120474434
2017-09-12,-0.0035461532691745123
2017-09-13,0.011479195501629125
2017-09-14,-0.01325703413497159
2017-09-15,0.01325703413497159
2017-09-18,0.0217115110801529
2017-09-19,0.021250320313082716
2017-09-20,0.010041936392008566
2017-09-21,-0.0008327514463797314
2017-09-22,-0.00836853330850329
2017-09-25,-0.008438621808559699
2017-09-26,0.008438621808559699
2017-09-27,-0.008438621808559699
2017-09-28,-0.009366209020487348
2017-09-29,-0.012048138352277471
2017-10-02,0.0008655923240086238
2017-10-03,0.024776967218878676
2017-10-04,-0.015306132504212755
2017-10-05,0.014461665682736102
2017-10-06,-0.011894656335368792
2017-10-09,0.003413021224830226
2017-10-10,0.010169323656204599
2017-10-11,-0.0008432217241893802
2017-10-12,0.0
2017-10-13,0.006728132677759957
2017-10-16,0.016625659364736034
2017-10-17,-0.009109513615238596
2017-10-18,0.02058511532089735
2017-10-19,-0.009828293894516227
2017-10-20,0.01064330698025695
2017-10-23,-0.02389963373676629
2017-10-24,0.01407912649336085
2017-10-25,0.006557235888458024
2017-10-26,0.0073264177057055235
2017-10-27,0.0008103448057141804
2017-10-30,-0.03044197197515386
2017-10-31,0.013277866027282093
2017-11-01,-0.014950427802096655
2017-11-02,0.0
2017-11-03,-0.003353141651218694
2017-11-06,-0.012674407243198793
2017-11-07,-0.0267138964821787
2017-11-08,0.04441400715141075
2017-11-09,-0.02196081917090953
2017-11-10,-0.014623324431936702
2017-11-13,0.011202085083419577
2017-11-14,-0.0164156806918776
2017-11-15,0.0
2017-11-16,0.02840784721112488
2017-11-17,0.019418242695567134
2017-11-20,0.0
2017-11-21,0.01576145936111839
2017-11-22,-0.0041236486452156385
2017-11-23,0.02449105972750165
2017-11-24,-0.010539561048361179
2017-11-27,0.0032550487709901432
2017-11-28,0.010504669880441853
2017-11-29,-0.02441096501459805
2017-11-30,-0.028406082280668654
2017-12-01,0.0008468455312664602
2017-12-04,0.008431812195496269
2017-12-05,-0.009278657726762729
2017-12-06,0.01930388693204166
2017-12-07,-0.01086535669191524
2017-12-08,0.007534681200370041
2017-12-11,-0.010058580197138678
2017-12-12,0.015050279940960865
2017-12-13,0.02782468339123101
2017-12-14,-0.012997303493709644
2017-12-15,0.008143296288978252
2017-12-18,0.010487973188092692
2017-12-19,-0.004020721997868737
2017-12-20,0.015987661899889094
2017-12-21,0.018075167995972308
2017-12-22,-0.010963467041925856
2017-12-25,0.0
2017-12-26,0.0062794259175920075
2017-12-27,0.007794204844007169
2017-12-28,0.016936761046377757
2017-12-29,0.0
2018-01-02,0.007604354511249856
2018-01-03,0.0007573596338521504
2018-01-04,-0.004552487522420101
2018-01-05,0.008330587334582695
2018-01-08,-0.01366772065074029
2018-01-09,0.001527906693475689
2018-01-10,-0.02394848104721259
2018-01-11,0.003901556281161511
2018-01-12,0.00311016371967332
2018-01-15,0.023783300794701034
2018-01-16,-0.035497662178018974
2018-01-17,0.007824883204619493
2018-01-18,-0.0023411039147092083
2018-01-19,-0.0015636227505995137
2018-01-22,0.0015636227505995137
2018-01-23,-0.010997610492952337
2018-01-24,0.022648462113155077
2018-01-25,0.0
2018-01-26,0.033412329999094936
2018-01-29,-0.0059924985212034265
2018-01-30,-0.011333577132594197
2018-01-31,0.025507664034401856
2018-02-01,-0.002224669666738066
2018-02-02,-0.008948503014961418
2018-02-05,-0.024262051995853184
2018-02-06,0.06750762272567945
2018-02-07,0.016364948402770363
2018-02-08,-0.03154396475116483
2018-02-09,-0.014673650204352295
2018-02-14,0.05884068879295601
2018-02-15,-0.018284774215677757
2018-02-16,0.0
2018-02-19,-0.02152172749146164
2018-02-20,0.015113580378409708
2018-02-21,0.006408147113051932
2018-02-22,-0.00855316706271303
2018-02-23,0.01844028813922849
2018-02-26,0.008397653139162298
2018-02-27,-0.016866646797920826
2018-02-28,-0.000708589871930343
2018-03-01,-0.00497725597320553
2018-03-02,-0.0014261074673109775
2018-03-05,0.00711195331244685
2018-03-06,-0.0035495426424794196
2018-03-07,0.03219315742931572
2018-03-08,-0.004832828794075983
2018-03-09,0.01306323408725163
2018-03-12,0.003409585348323141
2018-03-13,0.0006803535560804264
2018-03-14,0.0027172204262679855
2018-03-15,-0.003397573982348412
2018-03-16,-0.004092942552167411
2018-03-19,-0.016540832765355784
2018-03-20,0.01174464297939215
2018-03-21,-0.018717947562267412
2018-03-22,-0.008432952567454688
2018-03-23,-0.008504784117331798
2018-03-26,0.02321624395006383
2018-03-27,-0.016123910329850943
2018-03-28,-0.012087011118040003
2018-03-29,0.02960068712577213
2018-04-02,-0.02034479847109516
2018-04-03,0.0436811794106835
2018-04-04,-0.027512032595670366
2018-04-05,0.017968745528241126
2018-04-06,-0.003430640298586418
2018-04-09,-0.004822516888138395
2018-04-10,0.014398870271805642
2018-04-11,0.0054309735057596065
2018-04-12,0.006074874150763687
2018-04-13,-0.0067521084309780655
2018-04-16,-0.0054350901336186475
2018-04-17,0.02156439471194016
2018-04-18,0.021761453316154533
2018-04-19,0.016176334754777866
2018-04-20,0.0033857969592947512
2018-04-23,0.0051184316846915046
2018-04-24,-0.0019166430726702544
2018-04-25,-0.010282280656650489
2018-04-26,0.02739858644156401
2018-04-27,0.0025111137800455374
2018-04-30,0.0
2018-05-02,-0.029909700221609548
2018-05-03,-0.005181518032262744
2018-05-04,0.006472385429439065
2018-05-07,-0.0006455787919641409
2018-05-08,0.02297510961994309
2018-05-09,-0.06382375146384289
2018-05-10,-0.01763952275914482
2018-05-11,-0.03269816821412341
2018-05-14,-0.02706040195603565
2018-05-15,0.008740004315277439
2018-05-16,0.037015111480180884
2018-05-17,-0.0657039165055795
2018-05-18,-0.0074907946331665975
2018-05-21,0.003752353118247509
2018-05-22,0.02368724222504026
2018-05-23,-0.015481433743665729
2018-05-24,0.011082732433207454
2018-05-25,-0.007374785761143254
2018-05-28,-0.048531020335898845
2018-05-29,0.02000024543461487
2018-05-30,0.0211013131915041
2018-06-01,0.038044192870211546
2018-06-04,-0.023974947079765663
2018-06-05,-0.019302977452463566
2018-06-06,-0.004507760695245722
2018-06-07,-0.006800089164078926
2018-06-08,-0.02223181787488482
2018-06-11,-0.020361040786569085
2018-06-12,0.008665111530268277
2018-06-13,0.003132553135432925
2018-06-14,0.019357536289898558
2018-06-15,-0.016235068111073225
2018-06-18,-0.01571125396103179
2018-06-19,0.02502058242104699
2018-06-20,0.00922376073814446
2018-06-21,-0.01697586637028259
2018-06-22,0.002332322088002936
2018-06-25,0.01846192237186317
2018-06-26,-0.029390964408013254
2018-06-27,0.00781835115858831
2018-06-28,0.0015566757867437886
2018-06-29,0.02457878130252178
2018-07-02,-0.009912569710977426
2018-07-03,-0.0038386604721001305
2018-07-04,0.012232436951694403
2018-07-05,-0.004569439235123429
2018-07-06,0.009118093634366886
2018-07-10,-0.006831178148678507
2018-07-11,-0.002286915485688379
2018-07-12,0.020400896417328784
2018-07-13,0.0074516065541767595
2018-07-16,-0.009698005956330746
2018-07-17,0.011922519016025035
2018-07-18,-0.011173080797666213
2018-07-19,0.018553539234104743
2018-07-20,-0.033648297749814926
2018-07-23,-0.03876470827859979
2018-07-24,0.01879513081651485
2018-07-25,0.020729839979384934
2018-07-26,-0.03592115346540714
2018-07-27,-0.007168782620165626
2018-07-30,0.004784587381369665
2018-07-31,-0.01361634741350315
2018-08-01,0.011227007465546723
2018-08-02,-0.003195042663380665
2018-08-03,-0.016129340816110727
2018-08-06,-0.00325698394590912
2018-08-07,-0.028124289126827184
2018-08-08,-0.018628883952138908
2018-08-09,0.0008539318162488208
2018-08-10,-0.031225044205199115
2018-08-13,0.0017604097175523137
2018-08-14,0.03031849547679477
2018-08-15,-0.013745643693723997
2018-08-16,-0.006074108931174882
2018-08-17,0.004342191253725147
2018-08-20,0.03155886534747965
2018-08-21,0.006694711182887669
2018-08-22,0.010783901952078345
2018-08-23,-0.019158750138468017
2018-08-24,0.015025229706385312
2018-08-27,0.010712614776360763
2018-08-28,-0.00988440228796339
2018-08-29,0.027756656073898434
2018-08-30,-0.021978993613821274
2018-08-31,0.011456824879069405
2018-09-03,-0.015580308461980774
2018-09-04,0.011503515303744383
2018-09-05,-0.022305462973207568
2018-09-06,-0.00670567340248529
2018-09-10,0.0016801370035020025
2018-09-11,-0.016081303976305916
2018-09-12,0.023609751629106723
2018-09-13,-0.008368098516954081
2018-09-14,-0.012685157597696062
2018-09-17,0.016877798692090273
2018-09-18,-0.01517733222248463
2018-09-19,-0.017138403332541463
2018-09-20,0.01968418354301038
2018-09-21,0.001693528149028234
2018-09-24,-0.011915239502575892
2018-09-25,-0.0008565223355123663
2018-09-26,-0.0034335771207887333
2018-09-27,0.02714336282186447
2018-09-28,-0.01858149026869005
2018-10-01,-0.011144847654446455
2018-10-02,0.01284853923104623
2018-10-03,0.03429879138696723
2018-10-04,-0.018258025445395232
2018-10-05,-0.02030505426142537
2018-10-08,0.03278941899667709
2018-10-09,-0.022585355847720923
2018-10-10,-0.015345540763350707
2018-10-11,-0.01820590713454573
2018-10-15,-0.012324242298727528
2018-10-16,0.008818578900135376
2018-10-17,0.0035056633985921515
2018-10-18,-0.012324242298727528
2018-10-19,-0.010685998651249307
2018-10-22,-0.010800586603006535
2018-10-23,-0.0027189447570630243
2018-10-24,-0.03133892709427766
2018-10-25,0.0065326377600114505
2018-10-26,-0.0112256648266158
2018-10-29,0.0167916993212609
2018-10-30,0.07997134371485659
2018-10-31,-0.010300282265999217
2018-11-01,0.04636297569475434
2018-11-05,0.03401152455149559
2018-11-06,0.0007957306558235011
2018-11-07,-0.03645617053565431
2018-11-08,-0.022528817582160077
2018-11-09,0.018395297150077372
2018-11-12,-0.016709103534860104
2018-11-13,-0.046560392955766305
2018-11-14,0.04233937015499656
2018-11-16,0.0025348291855524785
2018-11-19,-0.013594279355338523
2018-11-21,-0.018998715502162478
2018-11-22,-0.00787742058792773
2018-11-23,-0.01773098120845562
2018-11-26,0.01773098120845562
2018-11-27,0.04047041544542873
2018-11-28,0.01590653609870607
2018-11-29,0.0
2018-11-30,-0.015062628895055052
2018-12-03,0.0
2018-12-04,0.000842286411566251
2018-12-05,0.005879968311699457
2018-12-06,-0.02030505426142537
2018-12-07,0.010204063148956166
2018-12-10,-0.027445954377733672
2018-12-11,0.017241891228777506
2018-12-12,0.021142087011943644
2018-12-13,0.010820314961039745
2018-12-14,0.012340375138302218
2018-12-17,-0.021488143930599612
2018-12-18,0.04252461440598587
2018-12-19,-0.024312316696481595
2018-12-20,-0.015709386455686758
2018-12-21,0.006644857538479876
2018-12-26,-0.003316973539768675
2018-12-27,-0.033786906047609255
2018-12-28,0.017880369948903185
2019-01-02,0.025001172098551905
2019-01-03,-0.006105405244859252
2019-01-04,0.005020631693495314
2019-01-07,0.03203565636023731
2019-01-08,0.037291075926628725
2019-01-09,0.011614811895710897
2019-01-10,-0.03845157223615159
2019-01-11,-0.003205204915967208
2019-01-14,0.0
2019-01-15,0.0016038561390847583
2019-01-16,-0.019418041622994764
2019-01-17,0.002448487637165986
2019-01-18,0.006498519183367524
2019-01-21,0.015267469330192185
2019-01-22,-0.006400290666815689
2019-01-23,0.011966685288853363
2019-01-24,-0.004769382465445116
2019-01-28,-0.016064481486784743
2019-01-29,-0.020450500738829813
2019-01-30,-0.00580200745748094
2019-01-31,0.03029293313659709
2019-02-01,0.015206614177741162
2019-02-04,0.0023797763538282446
2019-02-05,-0.0031747388922438446
2019-02-06,-0.03890257731844171
2019-02-07,-0.016667178785907844
2019-02-08,-0.009286721363287898
2019-02-11,-0.004249916641566376
2019-02-12,-0.009414080934073699
2019-02-13,-0.0025829446751866048
2019-02-14,0.010292053646976607
2019-02-15,0.019434249577828355
2019-02-18,-0.008403188335144307
2019-02-19,0.008403188335144307
2019-02-20,0.02479488264701102
2019-02-21,0.0
2019-02-22,0.012170582207322589
2019-02-25,-0.01053894412365386
2019-02-26,0.0032541984530154444
2019-02-27,-0.021347303805195672
2019-02-28,-0.019271404719623852
2019-03-01,-0.017926350509192224
2019-03-06,-0.01300373750608208
2019-03-07,-0.004373163326213847
2019-03-08,0.029363457326291087
2019-03-11,0.01938523490328703
2019-03-12,-0.0041822455175815065
2019-03-13,0.03702604732402648
2019-03-14,0.0032257602559813137
2019-03-15,0.03013714955952196
2019-03-18,-0.000781677296537886
2019-03-19,-0.003132236944639377
2019-03-20,-0.01820403687611094
2019-03-21,0.004780904442033496
2019-03-22,-0.022509016530917414
2019-03-25,-0.009803914158036164
2019-03-26,0.008990634049998558
2019-03-27,-0.049196888253542514
2019-03-28,0.0059647782690974704
2019-03-29,0.001697929155762612
2019-04-01,0.0008478202040154148
2019-04-02,-0.011078193476893317
2019-04-03,0.00853244411711529
2019-04-04,0.04404539009248265
2019-04-05,0.012121530470877051
2019-04-08,0.0024064442828897192
2019-04-09,-0.009661950572705358
2019-04-10,0.004037409066578679
2019-04-11,-0.0032284253031789056
2019-04-12,-0.023722771980629886
2019-04-15,-0.009983544262947674
2019-04-16,0.03127826222109542
2019-04-17,-0.03798991423866305
2019-04-18,0.019175319052700424
2019-04-22,0.004120585294911994
2019-04-23,-0.00825828318586952
2019-04-24,-0.015879729820194033
2019-04-25,-0.008460321117347513
2019-04-26,-0.0017004932265805017
2019-04-29,0.0025495597971592066
2019-04-30,-0.007669239789114046
2019-05-02,-0.012048058030055042
2019-05-03,-0.006079201538770063
2019-05-06,-0.004364730474624823
2019-05-07,0.0034932673150132043
2019-05-08,-0.0463954522806902
2019-05-09,-0.0018279523415145604
2019-05-10,-0.003666798037208485
2019-05-13,-0.026990833257840352
2019-05-14,0.0037665694233786073
2019-05-15,0.001878084965946325
2019-05-16,-0.011321063084429817
2019-05-17,0.009442978118483492
2019-05-20,0.007490630100881024
2019-05-21,0.002794539240482896
2019-05-22,-0.005596981001377177
2019-05-23,-0.01318277376063004
2019-05-24,0.010372670386589622
2019-05-27,0.004679554431746835
2019-05-28,0.016666624436768585
2019-05-29,-0.004601608969878379
2019-05-30,0.004601608969878379
2019-05-31,0.010050446253612622
2019-06-03,0.009950644536635966
2019-06-04,-0.006320793025221816
2019-06-05,-0.03690456159948852
2019-06-06,0.017699716365916718
2019-06-07,0.023723417619484266
2019-06-10,-0.0018046496555530478
2019-06-11,-0.0018081188898579903
2019-06-12,0.0018081188898579903
2019-06-13,0.015239883093770112
2019-06-14,-0.017953805824129532
2019-06-17,-0.022905211562615824
2019-06-18,0.038186671012791606
2019-06-19,0.026409684529398847
2019-06-21,0.02995567284545575
2019-06-24,0.004206301559635417
2019-06-25,-0.013524810769887763
2019-06-26,-0.004264285042516969
2019-06-27,-0.008584234825966597
2019-06-28,0.0025829446751866048
2019-07-01,-0.015597902592771273
2019-07-02,-0.0017481922493365332
2019-07-03,0.02931216326198527
2019-07-04,0.034241475934446486
2019-07-05,-0.0024661646863131104
2019-07-08,-0.013256253397977869
2019-07-10,0.013256253397977869
2019-07-11,0.0016444310747449897
2019-07-12,-0.005767913017920012
2019-07-15,0.022876714178193147
2019-07-16,0.004834899601806608
2019-07-17,-0.011318052992475458
2019-07-18,0.004056939951305516
2019-07-19,-0.012220283043499869
2019-07-22,-0.0032837128768772317
2019-07-23,0.0016431418110354201
2019-07-24,0.005730696842305427
2019-07-25,-0.028987522257701404
2019-07-26,0.011696021175099602
2019-07-29,-0.0008308498466726988
2019-07-30,-0.0016637734998896647
2019-07-31,0.017334193995802938
2019-08-01,0.004083568517029956
2019-08-02,0.025745558301395022
2019-08-05,-0.028194045938561008
2019-08-06,0.021019390399877214
2019-08-07,0.011928738809522166
2019-08-08,-0.0039601145396006565
2019-08-09,-0.020041007849265213
2019-08-12,-0.010514590834710624
2019-08-13,0.0024825721764880626
2019-08-14,-0.014149410371870452
2019-08-15,-0.02117850108974828
2019-08-16,0.03367361054163709
2019-08-19,-0.008312680519483084
2019-08-20,-0.011754938859160013
2019-08-21,0.010919688079270351
2019-08-22,-0.009231755486770687
2019-08-23,-0.008467979695193861
2019-08-26,-0.0034070516666773187
2019-08-27,0.014401378925994468
2019-08-28,-0.005905130264804104
2019-08-29,0.03246242798996324
2019-08-30,0.007344064329594335
2019-09-02,0.004056809600889277
2019-09-03,-0.02542172953393873
2019-09-04,-0.004161605779885225
2019-09-05,-0.0033417742699843878
2019-09-06,-0.012631460438281117
2019-09-09,-0.025752554253307025
2019-09-10,0.020654710562983514
2019-09-11,0.009326062364715337
2019-09-12,0.025001174581745556
2019-09-13,-0.016597932817856265
2019-09-16,0.0008366481920543123
2019-09-17,0.007496816611055834
2019-09-18,-0.012526227325067474
2019-09-19,0.001679429470878624
2019-09-20,0.005855107321063091
2019-09-23,-0.010058696365079278
2019-09-24,-0.011012382033509738
2019-09-25,0.011012382033509738
2019-09-26,0.017537199245280632
2019-09-27,-0.013333610201264445
2019-09-30,-0.0008395199271951093
2019-10-01,-0.01097532175716065
2019-10-02,-0.022318568366915592
2019-10-03,0.0017350401984603803
2019-10-04,0.002595857129088497
2019-10-07,-0.015679105811843508
2019-10-08,0.012074881351472833
2019-10-09,0.007884366321645242
2019-10-10,0.006956609987380347
2019-10-11,0.008628366738053117
2019-10-14,-0.014712466582168737
2019-10-15,-0.007877984036876784
2019-10-16,0.006132719685449484
2019-10-17,0.00956090113033592
2019-10-18,-0.0008656503850130726
2019-10-21,0.00947928095575179
2019-10-22,-0.0008584136956506505
2019-10-23,0.0025717644330032208
2019-10-24,0.0
2019-10-25,-0.013793187280882524
2019-10-28,0.00433097952963335
2019-10-29,-0.010425674687178033
2019-10-30,0.00956090113033592
2019-10-31,-0.012184522133452447
2019-11-01,0.0034963752112791013
2019-11-04,0.03599351967745701
2019-11-05,0.005875240634841017
2019-11-06,0.0425945084226802
2019-11-07,0.0016023851285451585
2019-11-08,0.02529777620550888
2019-11-11,-0.01098893935955303
2019-11-12,-0.029637979370854328
2019-11-13,0.026476041273848505
2019-11-14,0.02887419565380256
2019-11-18,0.01602477825084625
2019-11-19,0.00979316515059736
2019-11-21,0.010439670286934266
2019-11-22,0.012532762254437557
2019-11-25,0.010929033938130495
2019-11-26,-0.013129552186857296
2019-11-27,0.0022005182487268016
2019-11-28,0.0195867697871428
2019-11-29,-0.02767820825213896
2019-12-02,0.010286691609136422
2019-12-03,0.002190552688367653
2019-12-04,0.027339760047417005
2019-12-05,0.004249138244036832
2019-12-06,0.009145561865571583
2019-12-09,0.009756424896801175
2019-12-10,-0.02173284357618055
2019-12-11,0.004243442649337847
2019-12-12,0.018875144531500077
2019-12-13,0.016483877973106686
2019-12-16,-0.01095880181127784
2019-12-17,0.006178728743614581
2019-12-18,0.012245196058132013
2019-12-19,-0.006103703776119129
2019-12-20,0.03869721656424163
2019-12-23,0.007173328517436239
2019-12-26,0.01291163055470479
2019-12-27,0.0
2019-12-30,0.005118464623489416
2020-01-02,0.006361386958970705
2020-01-03,0.0019003264822323729
2020-01-06,-0.0012664829878348272
2020-01-07,0.010715436597627637
2020-01-08,0.010601924221904646
2020-01-09,-0.01374147909500989
2020-01-10,0.026071901995275315
2020-01-13,0.000612579862936613
2020-01-14,0.004277583997988277
2020-01-15,0.0006097731422669561
2020-01-16,0.010908877288543284
2020-01-17,0.0030093519186960016
2020-01-20,-0.015087679801845333
2020-01-21,0.024856878718909847
2020-01-22,0.01780470351373209
2020-01-23,-0.013621453603854139
2020-01-24,-0.022920343508990193
2020-01-27,0.006688939010981887
2020-01-28,0.03102889626766059
2020-01-29,-0.008852263326425636
2020-01-30,-0.008931414415352279
2020-01-31,0.0017925175728574771
2020-02-03,0.01833840454129909
2020-02-04,-0.00883106885077023
2020-02-05,-0.0065266651440913925
2020-02-06,-0.010170632121861534
2020-02-07,0.001802563739218055
2020-02-10,-0.02000685078999842
2020-02-11,0.02897011133693761
2020-02-12,0.039655484526311735
2020-02-13,-0.0057342102250950155
2020-02-14,-0.029173494015495294
2020-02-17,0.017606077157658273
2020-02-18,-0.004664814592449051
2020-02-19,-0.008805322286927542
2020-02-20,-0.0029522475842074236
2020-02-21,0.00883106885077023
2020-02-26,-0.02492717995161753
2020-02-27,-0.028651427467916157
2020-02-28,-0.002477053321915168
2020-03-02,0.028721919544846486
2020-03-03,-0.007862279748569456
2020-03-04,0.04336894343727282
2020-03-05,-0.028303844606257567
2020-03-06,-0.02482722068369192
2020-03-09,-0.07642159371820378
2020-03-10,0.02612827954876229
2020-03-11,0.012175773464344175
2020-03-12,-0.1598996375956041
2020-03-13,0.06789615912012348
2020-03-16,-0.09978972527743668
2020-03-17,0.08714002630401074
2020-03-18,-0.04262103155654673
2020-03-19,0.09497455215213702
2020-03-20,-0.07091210812964599
2020-03-23,-0.12084983681614103
2020-03-24,-0.008163184968211112
2020-03-25,0.04487917891602056
2020-03-26,0.06301886078243868
2020-03-27,-0.06223541142090694
2020-03-30,0.03840715439070408
2020-03-31,-0.0645886610753057
2020-04-01,0.02618150668460162
2020-04-02,-0.014195695894993587
2020-04-03,-0.019247008791029696
2020-04-06,0.0801052255801813
2020-04-07,0.0
2020-04-08,0.011887312486419166
2020-04-09,-0.01713289676208518
2020-04-13,0.011206520839013301
2020-04-14,-0.008205880583122216
2020-04-15,-0.03119313696632542
2020-04-16,0.022919362392953335
2020-04-17,-0.016755678014558573
2020-04-20,-0.015480287852372765
2020-04-22,0.05020051093634503
2020-04-23,-0.009690770496041612
2020-04-24,-0.09008020515193538
2020-04-27,0.028284752328436635
2020-04-28,-0.0007970710206830489
2020-04-29,0.0429251789886389
2020-04-30,-0.02553368138037193
2020-05-04,0.05266385328390166
2020-05-05,0.03290987357332886
2020-05-06,-0.022554866074791846
2020-05-07,-0.04438456523473455
2020-05-08,0.012232446837952882
2020-05-11,-0.01531433828728046
2020-05-12,-0.02500117125732304
2020-05-13,0.004735833456831262
2020-05-14,0.009404219497726629
2020-05-15,-0.049570464711631956
2020-05-18,0.05656627033095418
2020-05-19,-0.03467653714021379
2020-05-20,0.03234999749247969
2020-05-21,0.022265947767738936
2020-05-22,-0.02849637812768613
2020-05-25,0.056941277438588234
2020-05-26,-0.00889564017745137
2020-05-27,0.012578828830137834
2020-05-28,-0.014069141171830779
2020-05-29,0.01553864819673656
2020-06-01,-0.008109197990902928
2020-06-02,0.0190621494434966
2020-06-03,-0.007288549924106658
2020-06-04,0.03309662742170438
2020-06-05,0.03272115547778043
2020-06-08,-0.01101928651209283
2020-06-09,0.0027659462791409517
2020-06-10,-0.01250853548577835
2020-06-12,0.002793193153642015
2020-06-15,0.0
2020-06-16,0.028190380306027496
2020-06-17,-0.008168861609162192
2020-06-18,-0.0013681899186730462
2020-06-19,-0.008937986446055923
2020-06-22,-0.005539871177973499
2020-06-23,-0.013986335640828074
2020-06-24,-0.014899219240672945
2020-06-25,0.014899219240672945
2020-06-26,-0.012044325475820461
2020-06-29,-0.018705360447804242
2020-06-30,0.030749685923624703
2020-07-01,0.01883561532903011
2020-07-02,0.005513550592699534
2020-07-03,0.04698847457680877
2020-07-06,0.0032733711239969487
2020-07-07,-0.024480247096319463
2020-07-08,0.021862446573507555
2020-07-09,-0.036027984309365824
2020-07-10,0.012824858329006261
2020-07-13,-0.008080748030143248
2020-07-14,0.0020262921281890556
2020-07-15,0.022682649785760844
2020-07-16,0.02540038834262548
2020-07-17,0.017846317444453863
2020-07-20,0.05947184066947697
2020-07-21,-0.011976007201740746
2020-07-22,-0.028721919544846486
2020-07-23,-0.08808264117738585
2020-07-24,-0.024675770083048665
2020-07-27,0.01104220289775304
2020-07-28,0.021053544022397563
2020-07-29,0.0006719651769282464
2020-07-30,-0.006063108171203702
2020-07-31,0.062213388335908615
2020-08-03,-0.030295608163515286
2020-08-04,-0.013838712812981324
2020-08-05,-0.01268792436513655
2020-08-06,0.021277284844285038
2020-08-07,0.014370026147242143
2020-08-10,0.024344367021396085
2020-08-11,-0.01788022532647826
2020-08-12,-0.01493053156875579
2020-08-13,-0.011842332552008727
2020-08-14,0.008566816904056918
2020-08-17,-0.038800927524649254
2020-08-18,0.01422300595875825
2020-08-19,-0.01081801961941986
2020-08-20,0.0
2020-08-21,0.0027155461354104737
2020-08-24,0.004734384424716964
2020-08-25,-0.004734384424716964
2020-08-26,-0.008852873734484401
2020-08-27,-0.006174821523257545
2020-08-28,0.013670743943545727
2020-08-31,-0.02822889600233447
2020-09-01,0.04639310047688827
2020-09-02,0.0013323459678122873
2020-09-03,-0.014080056669267371
2020-09-04,-0.0047377879514094445
2020-09-08,0.016818561112269315
2020-09-09,0.01916131113851849
2020-09-10,-0.03394661401521981
2020-09-11,-0.02259599699609316
2020-09-14,0.005525176396816711
2020-09-15,-0.008299101295649258
2020-09-16,-0.011875941225929942
2020-09-17,0.0014049073702766535
2020-09-18,-0.015559627260995246
2020-09-21,-0.012190630098602107
2020-09-22,-0.0007217074803476109
2020-09-23,-0.034524098589191254
2020-09-24,0.011887312486419166
2020-09-25,0.002949526612122888
2020-09-28,-0.033698134703779914
2020-09-29,0.0007610437939438164
2020-09-30,-0.006106885774091797
2020-10-01,0.0007654597180160039
2020-10-02,-0.007680297342571585
2020-10-05,0.01454274733990868
2020-10-06,0.0015188257231986135
2020-10-07,-0.0022789364669471013
2020-10-08,0.032176177712323284
2020-10-09,-0.008875902535194768
2020-10-13,0.0
2020-10-14,-0.020263069280154422
2020-10-15,-0.0091395451505627
2020-10-16,-0.014643740621120394
2020-10-19,-0.004669265971588121
2020-10-20,0.0178009187416035
2020-10-21,-0.006250226668772285
2020-10-22,0.01786501355727843
2020-10-23,-0.0038569618416182117
2020-10-26,-0.006979159450720918
2020-10-27,-0.017268957774803972
2020-10-28,-0.02566326104402794
2020-10-29,-0.00651973293911734
2020-10-30,-0.031564065064360936
2020-11-03,-0.017880534992637198
2020-11-04,0.035446724213140435
2020-11-05,0.008257747709084828
2020-11-06,0.001643231498622999
2020-11-09,0.04651995612915982
2020-11-10,0.00936058246867022
2020-11-11,-0.016438429129039367
2020-11-12,-0.010313407762935434
2020-11-13,0.0375628570686124
2020-11-16,0.020525072086251317
2020-11-17,0.018636803978218985
2020-11-18,0.021191684513599984
2020-11-19,0.0050486381325911545
2020-11-23,-0.012305512729950951
2020-11-24,-0.01245925454084551
2020-11-25,-0.007401907943219488
2020-11-26,0.012551027763507694
2020-11-27,0.033901711201651086
2020-11-30,-0.044226064292233414
2020-12-01,0.021269192295007677
2020-12-02,0.012977973111231389
2020-12-03,0.02056103527064046
2020-12-04,0.009081502169866251
2020-12-07,-0.016830836542853778
2020-12-08,0.009151524108325315
2020-12-09,0.0034980100296557737
2020-12-10,-0.007007789407780685
2020-12-11,0.02225407282919667
2020-12-14,0.004802501657131586
2020-12-15,-0.015172178027671013
2020-12-16,-0.00977680681587012
2020-12-17,0.011165464471026176
2020-12-18,0.002079528047339796
2020-12-21,0.004978628181697697
2020-12-22,0.0048933327034301755
2020-12-23,0.011785286733100975
2020-12-28,0.0089195630208585
2020-12-29,0.01626050359787623
2020-12-30,-0.015577742262711247
2021-01-04,-0.015130881496533632
2021-01-05,-0.02313454997134068
2021-01-06,-0.028049480110429403
2021-01-07,-0.016176631991580592
2021-01-08,0.044226112102009996
2021-01-11,-0.007117493763630911
2021-01-12,-0.0007147778947254046
2021-01-13,-0.0021465874139789953
2021-01-14,0.012811551002963384
2021-01-15,-0.007097390533313597
2021-01-18,-0.008583634291827291
2021-01-19,-0.014471880653516234
2021-01-20,-0.013206445813846113
2021-01-21,-0.01788410735502488
2021-01-22,-0.0052770871542016096
2021-01-26,-0.010638350385315132
2021-01-27,0.017417816070059988
2021-01-28,0.01712014819971719
2021-01-29,-0.018622526730260436
2021-02-01,0.0007514178624496992
2021-02-02,0.02155431522307172
2021-02-03,0.03468552106712419
2021-02-04,-0.016470169335024654
2021-02-05,0.0
2021-02-08,-0.007246332176170434
2021-02-09,-0.005104045362829268
2021-02-10,0.009458287231046025
2021-02-11,0.052885015092153154
2021-02-12,-0.011049955838429604
2021-02-17,-0.016101002690855903
2021-02-18,-0.03738752344950269
2021-02-19,0.003656064245507906
2021-02-22,-0.025130784031619058
2021-02-23,-0.010534289459398494
2021-02-24,0.00603348162247741
2021-02-25,-0.012864404947178443
2021-02-26,-0.025454601691992984
2021-03-01,-0.006269569591055735
2021-03-02,0.0015712771191997987
2021-03-03,0.009374835852953733
2021-03-04,0.014666655830681385
2021-03-05,0.024972784768106493
2021-03-08,-0.029581192033783843
2021-03-09,-0.010058248565004035
2021-03-10,-0.0038953395194138984
2021-03-11,0.011641450866061387
2021-03-12,0.008451572988377176
2021-03-15,0.009139539551563658
2021-03-16,0.0
2021-03-17,0.00755293469947782
2021-03-18,-0.00831119139844505
2021-03-19,0.0045415857418054095
2021-03-22,-0.008342494618531315
2021-03-23,-0.0076455443725951255
2021-03-24,-0.03355713500926916
2021-03-25,0.012618150470708134
2021-03-26,0.006250199563380132
2021-03-29,-0.01017612694186587
2021-03-30,0.013286361465154162
2021-03-31,-0.016438598557396045
2021-04-01,-0.01591140830850213
2021-04-05,-0.011290278428616851
2021-04-06,-0.007326032441902441
2021-04-07,0.028193617312624042
2021-04-08,0.0007941158664168668
2021-04-09,-0.007168708404690083
2021-04-12,0.0007991921717080963
2021-04-13,-0.017728236764420036
2021-04-14,-0.0016272992696517719
2021-04-15,0.004063351529915327
2021-04-16,-0.004877937197922844
2021-04-19,-0.02225082036034598
2021-04-20,-0.005850268710793749
2021-04-22,-0.006728200754526181
2021-04-23,0.03238119458168631
2021-04-26,-0.015644758340260356
2021-04-27,-0.0016609704617867038
2021-04-28,0.014032251114159955
2021-04-29,0.0016378450139402645
2021-04-30,-0.0024578915019213277
2021-05-03,0.023511475664578896
2021-05-04,-0.03009581669385053
2021-05-05,0.0131259604491194
2021-05-06,-0.005721572931866703
2021-05-07,0.013029527135784313
2021-05-10,0.016847328368849723
2021-05-11,-0.014422971948415686
2021-05-12,-0.03281685056764694
2021-05-13,0.014079090121286608
2021-05-14,0.0049217219040822435
2021-05-17,-0.006567771871097694
2021-05-18,-0.012433040154271158
2021-05-19,-0.0016694082535821941
2021-05-20,0.0
2021-05-21,-0.005865273555110129
2021-05-24,0.012526368167747659
2021-05-25,-0.0024924913981489993
2021-05-26,0.006633594450023761
2021-05-27,-0.004971361816989095
2021-05-28,0.004144535548698425
2021-05-31,0.006595195581898583
2021-06-01,0.024351596845296974
2021-06-02,-0.005629320450562414
2021-06-04,0.0
2021-06-07,0.010429666742350907
2021-06-08,-0.009623272815572292
2021-06-09,0.02467285693112098
2021-06-10,0.026378576061012904
2021-06-11,-0.008458400428757784
2021-06-14,0.008458400428757784
2021-06-15,-0.01000406780715668
2021-06-16,-0.01401879693439323
2021-06-17,0.017878385238438543
2021-06-18,-0.010844254622628835
2021-06-21,-0.013328364034107754
2021-06-22,-0.03868976684444103
2021-06-23,-0.009170474209228452
2021-06-24,0.0008373240802277415
2021-06-25,-0.015177469361757456
2021-06-28,0.012663745487273559
2021-06-29,-0.01862877921651096
2021-06-30,-0.014636586177235511
2021-07-01,-0.013974007923356346
2021-07-02,0.00962781712866434
2021-07-05,-0.008748534852709433
2021-07-06,-0.01505127097793979
2021-07-07,0.03764108459395077
2021-07-08,-0.03496861420847708
2021-07-12,0.026340428998851806
2021-07-13,0.019734717147488645
2021-07-14,0.00761749914862575
2021-07-15,0.0008429696973100143
2021-07-16,-0.0016865316801655261
2021-07-19,0.003369749712184067
2021-07-20,-0.0059044752366075315
2021-07-21,-0.005940204818487338
2021-07-22,0.005940204818487338
2021-07-23,-0.000846358148014037
2021-07-26,-0.022261662752472322
2021-07-27,-0.007822510104295244
2021-07-28,0.008688217372499807
2021-07-29,-0.00607372507619619
2021-07-30,-0.014905850892267924
2021-08-02,0.01577589277749958
2021-08-03,-0.00610557176664317
2021-08-04,-0.0017518208343192399
2021-08-05,-0.015010968363478483
2021-08-06,0.01851099272479262
2021-08-09,0.0008728340581130034
2021-08-10,-0.014059967940595275
2021-08-11,0.01667446023689889
2021-08-12,0.004342109919642567
2021-08-13,0.014623875132415254
2021-08-16,-0.005137217916867609
2021-08-17,-0.0034390469660618983
2021-08-18,0.0034390469660618983
2021-08-19,0.026261799394131202
2021-08-20,0.010811142872660717
2021-08-23,-0.0008276239841586985
2021-08-24,0.010704203952286662
2021-08-25,0.0032705578623204445
2021-08-26,-0.002452088016002385
2021-08-27,0.0
2021-08-30,0.0
2021-08-31,0.01944936582591028
2021-09-01,-0.01944936582591028
2021-09-02,-0.03159015015167865
2021-09-03,0.005054630247054437
2021-09-06,0.01996753416322905
2021-09-08,-0.033504042317686444
2021-09-09,0.02107116289814792
2021-09-10,0.0033303513978455435
2021-09-13,0.02056857701609971
2021-09-14,-0.0073560631924096676
2021-09-15,-0.011551312719140672
2021-09-16,0.014009312658538775
2021-09-17,-0.004921824771928041
2021-09-20,-0.018257962095839186
2021-09-21,0.01082903704517335
2021-09-22,0.01724881307560544
2021-09-23,0.007302574256505601
2021-09-24,-0.010565359388977846
2021-09-27,0.0032627851324722457
2021-09-28,-0.03817878376096173
2021-09-29,-0.000846358148014037
2021-09-30,-0.00027201473617699534
2021-10-01,0.00763086625401499
2021-10-04,-0.015319448533513302
2021-10-05,0.0025697145212353334
2021-10-06,-0.009454604947435996
2021-10-07,0.0017256262806570888
2021-10-08,0.043851948160739784
2021-10-11,-0.0008254231717113036
2021-10-13,0.02768906850810282
2021-10-14,0.002406627935292782
2021-10-15,0.007185549708418559
2021-10-18,-0.007185549708418559
2021-10-19,-0.01778497893644637
2021-10-20,0.008123179299810879
2021-10-21,-0.0312269799968119
2021-10-22,-0.009224031813698907
2021-10-25,0.008389075654255063
2021-10-26,-0.033124111920189936
2021-10-27,-0.01742186179796068
2021-10-28,-0.014159528603634897
2021-10-29,0.0
2021-11-01,0.021164688824857336
2021-11-03,0.08044537467707302
2021-11-04,-0.005652241168997207
2021-11-05,0.04046588733627132
2021-11-08,-0.003895384383777678
2021-11-09,0.0
2021-11-10,0.020858120649075662
2021-11-11,0.006097473308244616
2021-11-12,-0.003806842460564841
2021-11-16,-0.012279297019057278
2021-11-17,-0.010089337751105987
2021-11-18,0.0
2021-11-19,0.05020055531705614
2021-11-22,0.01691839158050179
2021-11-23,0.010881502401496324
2021-11-24,0.006472616336451242
2021-11-25,0.018466435680943416
2021-11-26,-0.024217811306516346
2021-11-29,0.0014410236902158147
2021-11-30,-0.006500666879501349
2021-12-01,-0.0007249005053275859
2021-12-02,-0.005088866124149494
2021-12-03,0.003637283085337284
2021-12-06,-0.012422112641070182
2021-12-07,-0.013323661198470393
2021-12-08,-0.006729207754720523
2021-12-09,-0.019697718033654166
2021-12-10,0.012923132921674796
2021-12-13,-0.013688214828551093
2021-12-14,-0.005374401120198602
2021-12-15,0.009195254148646193
2021-12-16,-0.0030557711215712935
2021-12-17,-0.001531071986458521
2021-12-20,-0.01001174395356097
2021-12-21,0.011079521846395046
2021-12-22,0.0038895278806676536
2021-12-23,-0.0007764822238600644
2021-12-27,0.0015524688345971427
2021-12-28,-0.010136287248315945
2021-12-29,0.010136287248315945
2021-12-30,0.019969976691426083
2022-01-03,-0.040346784697436355
2022-01-04,0.014931461799314594
2022-01-05,-0.009404316088827525
2022-01-06,-0.00711214482114908
2022-01-07,-0.014376752234639856
2022-01-10,-0.009701151279200015
2022-01-11,0.0064776204508887325
2022-01-12,0.008038710283339245
2022-01-13,0.017460698079819537
2022-01-14,-0.006314126189545632
2022-01-17,0.024248372934752904
2022-01-18,-0.017934246745207272
2022-01-19,0.021790986468801954
2022-01-20,-0.009280773486934457
2022-01-21,0.0038771420510133048
2022-01-24,-0.00777001942311184
2022-01-25,0.011632718205701664
2022-01-26,-0.022613072934483558
2022-01-27,0.00941929489099902
2022-01-28,0.014734710696815867
2022-01-31,0.021325833342879186
2022-02-01,-0.006046859583381359
2022-02-02,-0.0037980445777772154
2022-02-03,0.02257444743734416
2022-02-04,-0.009719666657467041
2022-02-07,-0.010574286198628435
2022-02-08,0.02103772106621138
2022-02-09,0.049320913250486154
2022-02-10,-0.012103859324054778
2022-02-11,-0.004307241015418128
2022-02-14,-0.0014401773019603326
2022-02-15,-0.0028856963226919774
2022-02-16,-0.00144642533913375
2022-02-17,-0.0028984426864320234
2022-02-18,-0.016831758827109855
2022-02-21,-0.001477099884500177
2022-02-22,-0.006673980759301035
2022-02-23,-0.009719666657467041
2022-02-24,0.0037492125055464953
2022-02-25,0.018539889642039675
2022-03-02,-0.011825667280003227
2022-03-03,-0.014227172333300064
2022-03-04,-0.025201486170243204
2022-03-07,-0.0338218536144983
2022-03-08,0.010346254630513307
2022-03-09,0.027334465677689934
2022-03-10,-0.024961885066321354
2022-03-11,0.009433889740571022
2022-03-14,-0.0054923441623939695
2022-03-15,0.0007865781711484665
2022-03-16,0.036283382057151314
2022-03-17,0.01579547740136711
2022-03-18,-0.0037381030833070206
2022-03-21,0.011913622423818104
2022-03-22,0.008109221873967343
2022-03-23,0.0
2022-03-24,0.01385381746032932
2022-03-25,0.015091858916282508
2022-03-28,-0.00787674791977766
2022-03-29,-0.016729711355135457
2022-03-30,0.014598847572147022
2022-03-31,-0.0007248679800646585
2022-04-01,0.04605842164975815
2022-04-04,-0.014649928266905476
2022-04-05,-0.011307424715738534
2022-04-06,0.009197071139305457
2022-04-07,-0.016329940014161437
2022-04-08,-0.010071974156422137
2022-04-11,-0.003621718794891482
2022-04-12,-0.016093966072891597
2022-04-13,0.013186718549735854
2022-04-14,-0.005839273176735382
2022-04-18,0.0021938876646458993
2022-04-19,-0.005860862247136556
2022-04-20,-0.0044182740895060135
2022-04-22,0.0
2022-04-25,0.01465222607770622
2022-04-26,0.00435424736034884
2022-04-27,-0.0014492109071118087
2022-04-28,-0.002905036453237031
2022-04-29,-0.019831741233611755
2022-05-02,0.010332240580799734
2022-05-03,-0.0014694424860333122
2022-05-04,0.014598847572147022
2022-05-05,-0.034651732633226295
2022-05-06,0.0
2022-05-09,-0.009800178767960688
2022-05-10,0.0037806582531421107
2022-05-11,-0.012912942920809911
2022-05-12,0.011402435789582555
2022-05-13,0.012021365610318746
2022-05-16,0.005214033841623333
2022-05-17,0.022043631454612633
2022-05-18,-0.008026552683937815
2022-05-19,-0.0022001230294583785
2022-05-20,0.005856571885036299
2022-05-23,0.014493055477239114
2022-05-24,-0.0036035452700051707
2022-05-25,0.02142941171737478
2022-05-26,0.007042257160672083
2022-05-27,0.0
2022-05-30,-0.007749576502722899
2022-05-31,0.018220791293023897
2022-06-01,-0.007668350448895467
2022-06-02,-0.003504929849959648
2022-06-03,-0.02921492271987791
2022-06-06,-0.03382676130137652
2022-06-07,-0.015071720225344531
2022-06-08,0.0
2022-06-09,-0.014532101000166442
2022-06-10,-0.014745972794083961
2022-06-13,-0.026140024474465395
2022-06-14,0.0
2022-06-15,0.004004852141896276
2022-06-17,-0.004807596863824148
2022-06-20,-0.0008033896387549255
2022-06-21,0.015949025890726887
2022-06-22,-0.004758033942664941
2022-06-23,-0.0023875881228612172
2022-06-24,0.010527464599600744
2022-06-27,0.0023838319688644916
2022-06-28,-0.0031798151580817446
2022-06-29,-0.0047883820630945095
2022-06-30,0.020586661855642507
2022-07-01,0.03238538155666193
2022-07-04,-0.013751405419236917
2022-07-05,0.003072355620742595
2022-07-06,0.00535352131133271
2022-07-07,0.03079499280497844
2022-07-08,-0.000740031647281203
2022-07-11,-0.005194703872533513
2022-07-12,-0.011976293234917446
2022-07-13,-0.022079172001503
2022-07-14,-0.000770236995156548
2022-07-15,-0.004633187026744867
2022-07-18,-0.003877542852714022
2022-07-19,0.014655350751297203
2022-07-20,-0.013102528904176847
2022-07-21,0.001550309212476897
2022-07-22,-0.0007749067731408488
2022-07-25,-0.01956989868721859
2022-07-26,-0.003960468477332224
2022-07-27,-0.016000287494882137
2022-07-28,0.01837866521505438
2022-07-29,-0.0031722493490420334
2022-08-01,-0.009577142388298654
2022-08-02,-0.014539863918184182
2022-08-03,-0.007349986048493573
2022-08-04,0.024292666762669946
2022-08-05,0.01350847161387625
2022-08-08,0.0007889680223054363
2022-08-09,0.014872900463088978
2022-08-10,0.003877542852714022
2022-08-11,-0.0023247210055936662
2022-08-12,-0.011705048057179646
2022-08-15,-0.020619313832626496
2022-08-16,0.004796145208882052
2022-08-17,0.007151629675881566
2022-08-18,-0.012749391737340687
2022-08-19,-0.01698367721816396
2022-08-22,0.009740170981642926
2022-08-23,-0.008925160854015957
2022-08-24,-0.017263140881856653
2022-08-25,0.0
2022-08-26,-0.012515796877671459
2022-08-29,-0.005894397166295473
2022-08-30,0.004213923829906374
2022-08-31,-0.00505911896451261
2022-09-01,-0.008488929656601751
2022-09-02,0.016068156203314032
2022-09-05,-0.002520107582199671
2022-09-06,0.02163137623066458
2022-09-08,0.019560637817062076
2022-09-09,0.031774026481023565
2022-09-12,-0.005488470580220284
2022-09-13,-0.04255936393611259
2022-09-14,0.011419126834499416
2022-09-15,0.0
2022-09-16,-0.012239822030181813
2022-09-19,0.00245995658162812
2022-09-20,-0.007398098675154063
2022-09-21,-0.013289231369729038
2022-09-22,0.04067638826367581
2022-09-23,-0.009020024019116946
2022-09-26,-0.025022135006384172
2022-09-27,-0.015319458200427238
2022-09-28,0.025403657940193725
2022-09-29,0.0
2022-09-30,0.009983302100910585
2022-10-03,0.039761809705173956
2022-10-04,-0.02905775534838906
2022-10-05,-0.014851658102828846
2022-10-06,-0.0008314780377647324
2022-10-07,0.016502008645409294
2022-10-10,0.004897790395789414
2022-10-11,-0.004897790395789414
2022-10-13,-0.006568293695893512
2022-10-14,-0.014937935266617686
2022-10-17,-0.0025117002276244804
2022-10-18,0.019917831564688182
2022-10-19,0.04577262909492763
2022-10-20,-0.0039323126977559575
2022-10-21,-0.009501335928150834
2022-10-24,0.0015899090241688896
2022-10-25,-0.007174208242467284
2022-10-26,-0.0032051924715235103
2022-10-27,0.03159828457315905
2022-10-28,0.019253511444417448
2022-10-31,0.00684163754688738
2022-11-01,0.009800065455102036
2022-11-03,0.02591780961969592
2022-11-04,-0.008073324472892995
2022-11-07,0.0
2022-11-08,-0.024618973551010725
2022-11-09,0.03415339298183673
2022-11-10,-0.013225770288988414
2022-11-11,0.007369223728805885
2022-11-14,-0.0051525815055666335
2022-11-16,-0.03072569497379707
2022-11-17,-0.015337710483612987
2022-11-18,-0.009316704358187877
2022-11-21,0.009316704358187877
2022-11-22,-0.0030959335731726156
2022-11-23,0.0023227450773442015
2022-11-24,0.02444742103172226
2022-11-25,-0.013678033427171332
2022-11-28,0.0
2022-11-29,0.003818405229261135
2022-11-30,-0.009188498979463944
2022-12-01,0.0
2022-12-02,0.012232394945953295
2022-12-05,-0.0238378783527331
2022-12-06,0.003883444475087483
2022-12-07,-0.004662050330006551
2022-12-08,-0.02923965117598648
2022-12-09,0.007987256694951927
2022-12-12,0.002383969569615285
2022-12-13,-0.003976304090961058
2022-12-14,0.008726733666985176
2022-12-15,-0.008726733666985176
2022-12-16,-0.021748757926438156
2022-12-19,0.009724736046071492
2022-12-20,0.004024092812854541
2022-12-21,-0.004024092812854541
2022-12-22,0.005548937271295351
2022-12-23,0.0016275679905244367
2022-12-26,-0.014742411868996719
2022-12-27,0.00903499530417351
2022-12-28,0.0032654450445037675
2022-12-29,0.010539040427012036
2023-01-02,-0.03445764351538738
2023-01-03,-0.024504975997214462
2023-01-04,0.017804614713027966
2023-01-05,-0.009286823745304762
2023-01-06,0.01264256119307916
2023-01-09,0.0008370128034909108
2023-01-10,-0.006717019442267436
2023-01-11,-0.014425664834819774
2023-01-12,0.013582786856937812
2023-01-13,-0.019583548055397415
2023-01-16,0.008561885740879127
2023-01-17,0.0042534975808039555
2023-01-18,-0.011096928586281862
2023-01-19,-0.0008588017743824672
2023-01-20,-0.00258027341951772
2023-01-23,0.0008605671866530606
2023-01-24,-0.013865050204500573
2023-01-25,-0.0017466260852030402
2023-01-26,0.010434855427874368
2023-01-27,-0.013937517019285917
2023-01-30,0.013937517019285917
2023-01-31,0.019700745612651893
2023-02-01,-0.019700745612651893
2023-02-02,-0.013060758360878832
2023-02-03,-0.023947968771468098
2023-02-06,0.005371709188866536
2023-02-07,-0.02166180943167406
2023-02-08,0.0072730634758793045
2023-02-09,-0.02105347505623767
2023-02-10,0.043445599994892614
2023-02-13,0.021035029926640636
2023-02-14,0.015490980878714034
2023-02-15,0.029450778971783276
2023-02-16,0.005787746387861059
2023-02-17,0.00575411785386315
2023-02-22,0.018676960630418904
2023-02-23,-0.002416401531130319
2023-02-24,0.003220432021483255
2023-02-27,-0.013759472448495291
2023-02-28,-0.0008153889379380885
2023-03-01,-0.001632775167925704
2023-03-02,-0.013158093822147165
2023-03-03,-0.006644383142040855
2023-03-06,0.007471699573144086
2023-03-07,0.013147283634613594
2023-03-08,0.012976779114791892
2023-03-09,-0.008903149732178317
2023-03-10,-0.00816349019259599
2023-03-13,0.0250924367243619
2023-03-14,0.021353054922188086
2023-03-15,0.013986264828699912
2023-03-16,-0.014768896355135563
2023-03-17,0.0015648565445665064
2023-03-20,-0.009426705446641037
2023-03-21,-0.010313290123476815
2023-03-22,0.004773007741085689
2023-03-23,0.007117791062090095
2023-03-24,0.0007876668841531043
2023-03-27,0.007061529882788964
2023-03-28,0.00234301048562946
2023-03-29,0.006220710145409036
2023-03-30,0.016147777506407834
2023-03-31,-0.041266749645985534
2023-04-03,-0.019262296971870985
2023-04-04,0.033469241409526784
2023-04-05,0.0015660820527525487
2023-04-06,0.012441950754896514
2023-04-10,0.007698335191800965
2023-04-11,0.08288453524090711
2023-04-12,0.011472272758832336
2023-04-13,0.01659155161197745
2023-04-14,0.014110997505361045
2023-04-17,0.015368070340121776
2023-04-18,0.0
2023-04-19,0.0021761851712187585
2023-04-20,-0.01386388049145948
2023-04-24,0.008049811253653338
2023-04-25,0.005814069237806141
2023-04-26,0.013409340901569422
2023-04-27,0.007887895487888485
2023-04-28,0.0
2023-05-02,0.007826332989113727
2023-05-03,-0.001418127633313837
2023-05-04,-0.004980454793794387
2023-05-05,-0.015816422297866062
2023-05-08,0.01510280182580015
2023-05-09,-0.028966671518285025
2023-05-10,0.009506566976652309
2023-05-11,0.026572307440806853
2023-05-12,-0.009971531041320869
2023-05-15,-0.007183820193539692
2023-05-16,0.0007205620989405581
2023-05-17,-0.01013751830488685
2023-05-18,0.007251630138168874
2023-05-19,0.010064809397440921
2023-05-22,0.005706174561046495
2023-05-23,0.007793317439627856
2023-05-24,0.0021146140422838577
2023-05-25,0.013986263062267135
2023-05-26,-0.004872809065019634
2023-05-29,0.0027872619397855125
2023-05-30,0.0
2023-05-31,-0.028946489192280822
2023-06-01,-0.014430111436156245
2023-06-02,0.01871906412653468
2023-06-05,-0.006440303993529017
2023-06-06,0.02271230314208994
2023-06-07,0.002802971468762294
2023-06-09,0.022830489784378738
2023-06-12,0.01560962972982427
2023-06-13,-0.008792839400529662
2023-06-14,0.031430008960947386
2023-06-15,-0.004618877225303297
2023-06-16,-0.014657202034278782
2023-06-19,0.0013413275142513115
2023-06-20,0.004680887966480807
2023-06-21,-0.008710280084067712
2023-06-22,-0.008786897517476966
2023-06-23,-0.005504869013677638
2023-06-26,-0.015955878564527737
2023-06-27,-0.0070174942601166634
2023-06-28,0.0
2023-06-29,0.022285092268234052
2023-06-30,0.006863367917677277
2023-07-03,-0.022830569969149117
2023-07-04,0.012517607995031987
2023-07-05,-0.006934845751743524
2023-07-06,-0.02038739016975155
2023-07-07,0.0077822051966145445
2023-07-10,-0.004237146227043187
2023-07-11,-0.009957651600504658
2023-07-12,0.002855260205582244
2023-07-13,0.015558972905690638
2023-07-14,-0.013422970760466502
2023-07-17,-0.005706289317533475
2023-07-18,-0.008620784246677893
2023-07-19,-0.005788698567359418
2023-07-20,0.015839195567830533
2023-07-21,0.012069556165311024
2023-07-24,0.0014105558751706937
2023-07-25,0.0007045325130863311
2023-07-26,0.03256247892554898
2023-07-27,-0.01927097158774327
2023-07-28,0.004852608932680358
2023-07-31,-0.008333338588550898
2023-08-01,0.0006971655179990321
2023-08-02,0.0
2023-08-03,-0.004889980424216844
2023-08-04,0.01528865395832657
2023-08-07,-0.006920365463293443
2023-08-08,0.011736331632679953
2023-08-09,0.009562986078938351
2023-08-10,0.010818169155937252
2023-08-11,0.0013441191152505638
2023-08-14,0.0013421555236838856
2023-08-15,-0.0026862746389344494
2023-08-16,0.008704454851356402
2023-08-17,-0.014098990729267236
2023-08-18,0.007409918060877541
2023-08-21,-0.023770279339598854
2023-08-22,0.012295295725992972
2023-08-23,-0.0034000886150211684
2023-08-24,-0.0013632790319477728
2023-08-25,0.0027247020641354425
2023-08-28,-0.00888288822140293
2023-08-29,0.0284187443994548
2023-08-30,-0.018176203390313006
2023-08-31,-0.021284858377477622
2023-09-01,0.007604826733139447
2023-09-04,0.0006882805564103478
2023-09-05,-0.014558303031407593
2023-09-06,0.0041813758405990775
2023-09-08,0.004163717893229446
2023-09-11,0.018525405455303456
2023-09-12,0.012833551338903959
2023-09-13,0.0
2023-09-14,0.003350208752320505
2023-09-15,-0.005365590935287212
2023-09-18,0.019314500427507486
2023-09-19,0.009846109341649978
2023-09-20,0.0026090955683231165
2023-09-21,-0.0131149517842708
2023-09-22,0.007025809239979086
2023-09-25,0.00858360126464408
2023-09-26,-0.009910821306351014
2023-09-27,-0.00866946641794808
2023-09-28,0.0
2023-09-29,-0.002682847309487535
2023-10-02,0.0006712095891394654
2023-10-03,-0.0087631302811646
2023-10-04,0.010104592922110633
2023-10-05,0.017276202804332286
2023-10-06,-0.0019782429225241316
2023-10-09,0.004609750098728771
2023-10-10,0.005242484033092243
2023-10-11,-0.005242484033092243
2023-10-13,0.0
2023-10-16,0.019519267809763097
2023-10-17,-0.008411579047441275
2023-10-18,0.0006494862593862116
2023-10-19,0.0012978606935711845
2023-10-20,-0.015028151893580421
2023-10-23,-0.0013172931669580557
2023-10-24,0.0052596400014368605
2023-10-25,-0.003942346834478805
2023-10-26,0.011780259954709216
2023-10-27,-0.02770614569511398
2023-10-30,0.0006686737072110205
2023-10-31,0.01393991886623569
2023-11-01,0.042586916085705084
2023-11-03,0.0018933452603833167
2023-11-06,0.013154130004251474
2023-11-07,0.030639480982662448
2023-11-08,0.0396384943873227
2023-11-09,-0.0005802837175776787
2023-11-10,0.006364066196003382
2023-11-13,-0.006944618646535616
2023-11-14,-0.002907760267166104
2023-11-16,-0.01644196903250794
2023-11-17,-0.018524609710530715
2023-11-20,-0.004230898381349046
2023-11-21,0.015028860462210414
2023-11-22,-0.0011940318341774336
2023-11-23,-0.0005976211740388315
2023-11-24,0.01483275880842827
2023-11-27,-0.009467680437798887
2023-11-28,0.01358164065876144
2023-11-29,0.0
2023-11-30,0.011082147076278748
2023-12-01,0.006936521996616651
2023-12-04,0.0017263514839696015
2023-12-05,0.012571815276190001
2023-12-06,0.009607189516055659
2023-12-07,-0.0028161144696241536
2023-12-08,0.010101243090836043
2023-12-11,0.0011160731533683688
2023-12-12,-0.005032233555708032
2023-12-13,0.02217382631554532
2023-12-14,0.012530892382003778
2023-12-15,-0.019131586645684262
2023-12-18,0.012613421365097022
2023-12-19,-0.010408474705002835
2023-12-20,-0.0027568465573639678
2023-12-21,-0.006092587953379969
2023-12-22,0.009017024409344376
2023-12-26,-0.0022381405419023004
2023-12-27,0.007256359692622283
2023-12-28,-0.002784625148906983
2024-01-02,-0.011217217739370344
2024-01-03,0.0011274660681599435
2024-01-04,-0.01704567832451831
2024-01-05,-0.014430528220258143
2024-01-08,0.008683361515094301
2024-01-09,0.0
2024-01-10,-0.003464288397869719
2024-01-11,-0.015739177571863827
2024-01-12,0.011682292034196795
2024-01-15,0.01384097985979027
2024-01-16,-0.017914255900516984
2024-01-17,0.014471896176613708
2024-01-18,0.0
2024-01-19,0.012564798933640375
2024-01-22,-0.006834032303646875
2024-01-23,-0.0028610461251799
2024-01-24,-0.0011470594135345458
2024-01-25,-0.002297475034784391
2024-01-26,0.007447922240273908
2024-01-29,-0.0034307485728652942
2024-01-30,-0.01733133289807487
2024-01-31,0.010434989472879241
2024-02-01,0.01885219833599372
2024-02-02,0.0016962299910066037
2024-02-05,0.010677111873021339
2024-02-06,0.013877738838913967
2024-02-07,0.0044005302220022635
2024-02-08,0.011459867002325819
2024-02-09,-0.002716729632233239
2024-02-14,0.0
2024-02-15,-0.015903761271617523
2024-02-16,-0.0388892016581206
2024-02-19,0.004587317028948323
2024-02-20,0.007409650198215267
2024-02-21,0.012976194850786715
2024-02-22,0.03794801006154458
2024-02-23,-0.008128209209756765
2024-02-26,0.0
2024-02-27,0.01993072365464421
2024-02-28,0.005319246070628392
2024-02-29,-0.0367411285723005
2024-03-01,0.013122107270129302
2024-03-04,-0.014223433807225128
2024-03-05,-0.013311080665075803
2024-03-06,0.012208476075091568
2024-03-07,0.02344086836977688
2024-03-08,0.020795170594670953
2024-03-11,-0.036543532508628296
2024-03-12,0.015209358940443174
2024-03-13,-0.0016183795497424214
2024-03-14,0.01287552127848235
2024-03-15,-0.007490704641633261
2024-03-18,-0.0010748202385939543
2024-03-19,-0.016260216071696032
2024-03-20,-0.005479616131460752
2024-03-21,0.002195336768950007
2024-03-22,0.0005481611903550565
2024-03-25,-0.013709467955400179
2024-03-26,0.00556485197837997
2024-03-27,-0.0061227677593964636
2024-03-28,-0.006160939896503237
2024-04-01,0.0005615566518240023
2024-04-02,-0.0005615566518240023
2024-04-03,0.012838665839404406
2024-04-04,0.031124262834686167
2024-04-05,-0.0043100219379219595
2024-04-08,0.0010791085326200545
2024-04-09,0.012329435409622391
2024-04-10,-0.024362524786737616
2024-04-11,-0.018724332493353035
2024-04-12,-0.010941501763846784
2024-04-15,0.005773764545124571
2024-04-16,-0.008092688910002366
2024-04-17,0.0028979132722652956
2024-04-18,-0.008135075139655612
2024-04-19,0.008713534998368466
2024-04-22,0.0028877420723025793
2024-04-23,-0.009852420305330956
2024-04-24,0.006386218374315522
2024-04-25,0.00806898004418688
2024-04-26,0.0
2024-04-29,0.010280105680342988
2024-04-30,0.0005681359118638873
2024-05-02,0.02965229465621544
2024-05-03,0.02557971619310928
2024-05-06,-0.0032293364702251637
2024-05-07,-0.06399959374548869
2024-05-08,-0.01214226962767917
2024-05-09,-0.018198420014378325
2024-05-10,-0.011919050299628253
2024-05-13,0.005381203248751465
2024-05-14,0.006537847050876788
2024-05-15,0.014117989266932529
2024-05-16,0.015072444276320596
2024-05-17,-0.005770046171200249
2024-05-20,-0.029362121338432967
2024-05-21,-0.014406054552149161
2024-05-22,0.015597215726693925
2024-05-23,-0.017412610537623774
2024-05-24,-0.005466110640115485
2024-05-27,0.004860178160688733
2024-05-28,-0.005469432814662056
2024-05-29,-0.00795351974958125
2024-05-31,-0.02613724050752264
2024-06-03,-0.001893303967166915
2024-06-04,0.025570568708625174
2024-06-05,0.009193939724692957
2024-06-06,0.002437558020428998
2024-06-07,-0.022154715455162233
2024-06-10,-0.010635064265301253
2024-06-11,0.010635064265301253
2024-06-12,-0.01631154802486723
2024-06-13,-0.014654669973943157
2024-06-14,0.018442406090896313
2024-06-17,-0.021656672211178396
2024-06-18,0.010249793063012547
2024-06-19,-0.0006373962909687059
2024-06-20,0.0012745290087816663
2024-06-21,0.0050826422395524595
2024-06-24,0.009160147557393916
2024-06-25,0.0018968524687079658
2024-06-26,0.0
2024-06-27,0.009431150033428537
2024-06-28,-0.006277377062207545
2024-07-01,0.0106481911409122
2024-07-02,-0.01633199482480885
2024-07-03,-0.008906000260298086
2024-07-04,0.015219324848889215
2024-07-05,-0.010756198432918307
2024-07-08,0.01201398287014177
2024-07-09,-0.0044094294631049635
2024-07-10,0.016280857241515623
2024-07-11,0.040175785568395295
2024-07-12,0.011272868344919917
2024-07-15,-0.011869701571193492
2024-07-16,0.0017894982240944657
2024-07-17,0.015375793668535476
2024-07-18,-0.01716529189262994
2024-07-19,0.0011933104551076212
2024-07-22,0.008904856693886742
2024-07-23,-0.019093676194550824
2024-07-24,0.0
2024-07-25,-0.012731360914852718
2024-07-26,-0.0067338556481182366
2024-07-29,-0.01049716753081098
2024-07-30,0.01601009685245769
2024-07-31,0.06617895541967522
2024-08-01,0.007405349512757731
2024-08-02,0.0033994159755059705
2024-08-05,-0.030435889561320373
2024-08-06,-0.0005833863438233777
2024-08-07,0.013905060609093578
2024-08-08,-0.004035663070794282
2024-08-09,0.017750462391338484
2024-08-12,0.0033994159755059705
2024-08-13,0.009569517349390377
2024-08-14,0.01390834506192995
2024-08-15,-0.00665205383295131
2024-08-16,0.017094636239591843
2024-08-19,-0.001094085306621917
2024-08-20,0.0027328510067210487
2024-08-21,-0.0038283170108206477
2024-08-22,-0.019923124642162726
2024-08-23,0.013877586581361179
2024-08-26,-0.009415748349786757
2024-08-27,-0.006700089747260662
2024-08-28,0.014460736592700751
2024-08-29,-0.009431542731422216
2024-08-30,-0.004469316429425163
2024-09-02,-0.0033650357254426666
2024-09-03,0.013393099899610128
2024-09-04,0.01540175156264878
2024-09-05,0.01677978515962808
2024-09-06,-0.01187917846809361
2024-09-09,-0.015326000724346311
2024-09-10,0.004951837746134391
2024-09-11,0.008743354755960997
2024-09-12,-0.009841585059887414
2024-09-13,0.010929246771277601
2024-09-16,0.014031207306537397
2024-09-17,-0.0010722608782689491
2024-09-18,0.0064169779800051785
2024-09-19,-0.014496753554931185
2024-09-20,0.012896572635370696
2024-09-23,0.0
2024-09-24,0.009837773363377877
2024-09-25,-0.0026646241835548423
2024-09-26,-0.003742277364354951
2024-09-27,0.0021401587555325285
2024-09-30,0.0010684818961652631
2024-10-01,-0.006965212275886756
2024-10-02,0.008032436186269365
2024-10-03,-0.036941015979435665
2024-10-04,-0.01786732978800387
2024-10-07,-0.014756186777775682
2024-10-08,0.0017137143710770353
2024-10-09,-0.012636442421189109
2024-10-10,-0.005797180274836666
2024-10-11,-0.012873187465359592
2024-10-14,-0.0047225710129046305
2024-10-15,0.0222362136752543
2024-10-16,0.02118590824302924
2024-10-17,-0.005681895372156465
2024-10-18,0.005115168907363632
2024-10-21,-0.013124275662960816
2024-10-22,-0.011554269492825231
2024-10-23,0.0011614914178084135
2024-10-24,0.0017398073193337638
2024-10-25,-0.01812384018905533
2024-10-28,0.014059955839778926
2024-10-29,-0.05071175001174355
2024-10-30,0.017592007361646456
2024-10-31,-0.0030110436559671605
2024-11-01,-0.0036252743483560224
2024-11-04,0.016211718611119696
2024-11-05,-0.040102663592128884
2024-11-06,-0.000620148107739027
2024-11-07,-0.002484376902960328
2024-11-08,-0.010628508372518386
2024-11-11,0.04305707281000881
2024-11-12,-0.004223253203941013
2024-11-13,-0.010331249289100786
2024-11-14,0.006697058057106631
2024-11-18,0.0
2024-11-19,-0.007308044031888006
2024-11-21,-0.030409002753755132
2024-11-22,0.021197772121777536
2024-11-25,0.006150215646612889
2024-11-26,0.0006129260302918382
2024-11-27,-0.007997627976526811
2024-11-28,-0.04033309483280467
2024-11-29,0.018477821047653276
2024-12-02,-0.013346231536965014
2024-12-03,0.01712684253487673
2024-12-04,0.005644492651905253
2024-12-05,0.008717336107966212
2024-12-06,-0.0012405442237382047
2024-12-09,-0.032169406197609884
2024-12-10,0.013371727180366832
2024-12-11,0.009442973425407786
2024-12-12,-0.040926532996895304
2024-12-13,-0.0032689364027742585
2024-12-16,-0.00459478453471851
2024-12-17,-0.0072631467123476234
2024-12-18,-0.012671065268906823
2024-12-19,-0.0020155040589422413
2024-12-20,0.008704491223575417
2024-12-23,-0.0066889871646331756
2024-12-26,-0.018728306788053928
2024-12-27,0.0027817524439144314
2024-12-30,0.005540173317220454
2025-01-02,0.002758656204079557
2025-01-03,-0.006910999827040243
2025-01-06,0.011720244720255568
2025-01-07,0.014966266245840298
2025-01-08,-0.016337988363073208
2025-01-09,-0.0013736063237033136
2025-01-10,-0.05147421763269833
2025-01-13,0.0014461887683063779
2025-01-14,0.014347392047563634
2025-01-15,0.035680636816828315
2025-01-16,0.0
2025-01-17,0.01771159468677652
2025-01-20,0.0026972701829404144
2025-01-21,0.017356871970543697
2025-01-22,0.017060813930491747
2025-01-23,0.001949958269839236
2025-01-24,-0.02099804898199986
2025-01-27,0.04980006471338694
2025-01-28,-0.024913399266217606
2025-01-29,0.0006466468097618971
2025-01-30,0.010928943551866244
2025-01-31,-0.0019200762542976868
2025-02-03,0.012098337400211712
2025-02-04,0.0012650720088784873
2025-02-05,-0.017214448735938692
2025-02-06,-0.0032204624926626124
2025-02-07,0.008991578073808792
2025-02-10,0.012075201149874815
2025-02-11,0.06718038334620458
2025-02-12,0.021619269001515562
2025-02-13,0.004037987853957148
2025-02-14,0.009169354594062984
2025-02-17,0.0011399256062696317
2025-02-18,-0.0021419189606333155
2025-02-19,-0.013864957636389619
2025-02-20,-0.0058344185082326305
2025-02-21,0.0058344185082326305
2025-02-24,-0.006419705430892542
2025-02-25,0.0011703574593746602
2025-02-26,-0.04179723929018797
2025-02-27,0.015729301593174316
2025-02-28,-0.029852898498917924
2025-03-05,0.009233596480381578
2025-03-06,0.005499547964845863
2025-03-07,0.02348801342182183
2025-03-10,0.011246075764697494
2025-03-11,-0.02503113282478653
2025-03-12,0.018535674403408642
2025-03-13,0.003548195008698851
2025-03-14,0.0216066910938415
2025-03-17,0.0017317860345738012
2025-03-18,-0.004624423819378443
2025-03-19,-0.0023202874722501043
2025-03-20,-0.008748887003362515
2025-03-21,0.016846168863874578
2025-03-24,-0.0023069063997991357
2025-03-25,0.0
2025-03-26,0.01944036775070579
2025-03-27,0.014057101263177163
2025-03-28,-0.007847582265218644
2025-03-31,0.01285993705781907
2025-04-01,0.006859332883606406
2025-04-02,0.010547001911025422
2025-04-03,0.014798639181533346
2025-04-04,-0.03676122167273377
2025-04-07,-0.025166012679329164
2025-04-08,0.009661959514942975
2025-04-09,0.024340784449463193
2025-04-10,-0.0005867001610848632
2025-04-11,0.013407305099032207
2025-04-14,0.010368837932288155
2025-04-15,0.004003558277110297
2025-04-16,0.000570514789413501
2025-04-17,0.017529272557059272
2025-04-22,0.0033575744969498444
2025-04-23,0.014971175995664776
2025-04-24,0.02015873900707943
2025-04-25,0.00376851593400529
2025-04-28,-0.003229380123528802
2025-04-29,0.010724072599546552
2025-04-30,0.010610178826104377
2025-05-02,-0.011143670680516582
2025-05-05,-0.0069612006216055455
2025-05-06,0.06551207689831484
2025-05-07,0.013993149671785332
2025-05-08,-0.02920647509163299
2025-05-09,-0.002558174255307577
2025-05-12,-0.019136922102757303
2025-05-13,0.02118386013196627
2025-05-14,0.014717379261472985
2025-05-15,-0.0015124218893634023
2025-05-16,-0.0010096219544752927
2025-05-19,-0.013730093980952152
2025-05-20,0.015748319581431858
2025-05-21,0.0015110006278322707
2025-05-22,-0.023878403707203066
2025-05-23,0.0010367482352329205
2025-05-26,0.008769697789682063
2025-05-27,0.00410054624233025
2025-05-28,0.0030643870088438163
2025-05-29,-0.004087870752388145
2025-05-30,-0.002050322604934429
2025-06-02,0.0010257902691077625
2025-06-03,0.016268689783168533
2025-06-04,0.02980838944774966
2025-06-05,-0.01877529421406665
2025-06-06,0.004975255831941361
2025-06-09,-0.00997518624256255
2025-06-10,0.014431640829561942
2025-06-11,0.03447796389222413
2025-06-12,-0.0014330708843361961
2025-06-13,-0.01735829024151947
2025-06-16,0.021175065972585116
2025-06-17,0.006171285563843831
2025-06-18,0.003307402154295147
2025-06-20,0.014981653457318611
2025-06-23,-0.011685154161800604
2025-06-24,-0.0028248913823314403
2025-06-25,-0.018078550595329812
2025-06-26,0.039534611536432784
2025-06-27,-0.015814330372478036
2025-06-30,0.03319815170463958
2025-07-01,0.0031696243121648315
2025-07-02,-0.007259608062579748
2025-07-03,0.02872729907530669
2025-07-04,-0.006214054501326505
2025-07-07,-0.00535703366152962
2025-07-08,-0.022635736288472597
2025-07-09,-0.014295730864159584
2025-07-10,0.0
2025-07-11,-0.017334718302381535
2025-07-14,-0.01571847457561626
2025-07-15,-0.001922044956104152
2025-07-16,-0.0019258436327476147
2025-07-17,-0.0033791522895891823
2025-07-18,-0.01510390073909651
2025-07-21,-0.005908401296763621
2025-07-22,-0.019447296545333614
2025-07-23,0.007024624493482179
2025-07-24,-0.0030043395157672848
2025-07-25,0.0025042931561403137
2025-07-28,-0.002909100022865818
2025-07-29,0.0
2025-07-30,0.010550171104863448
2025-07-31,0.03438446457026778
2025-08-01,0.0004827632508956903
2025-08-04,0.02995240067579452
2025-08-05,0.0028062987765147263
2025-08-06,0.012070685884320032
2025-08-07,0.0059811409576684404
2025-08-08,0.02581085271703376
2025-08-11,0.011555658152577752
2025-08-12,-0.024604245421708804
2025-08-13,0.0
2025-08-14,0.007220384557304449
2025-08-15,0.0026940574280907015
2025-08-18,0.008484103102010199
2025-08-19,-0.0071396565066250695
2025-08-20,-0.00044794805773484825
2025-08-21,0.007142933242502814
2025-08-22,0.007092096210914889
2025-08-25,0.010545025309495415
2025-08-26,-0.0008744589070235342
2025-08-27,0.0039292757313798
2025-08-28,0.005648405129488943
2025-08-29,-0.01440131820724666
2025-09-01,0.00043957135317862495
2025-09-02,-0.00396223084139713
2025-09-03,0.0017628808845411292
2025-09-04,-0.0026454438279741588
2025-09-05,0.013158135509409252
2025-09-08,-0.007435042402904379
2025-09-09,-0.005281670013635775
2025-09-10,-0.009310606203542182
2025-09-11,0.004887760048840395
2025-09-12,0.00398142306183269
2025-09-15,0.0022050811404512594
2025-09-16,0.0026397126443789
2025-09-17,0.014394947662185853
2025-09-18,-0.004775387196086278
2025-09-19,0.0026076781899222468
2025-09-22,-0.00043414108403538876
2025-09-23,0.007785501875943623
2025-09-24,-0.009088969941281277
2025-09-25,-0.004357409709736082
2025-09-26,0.0021811219276663962
2025-09-29,0.015680230630944703
2025-09-30,0.016735002758125006
2025-10-01,-0.006403380328580344
2025-10-02,-0.006013835881828022
2025-10-03,0.01113976537746808
2025-10-06,-0.0008525131282239862
2025-10-07,-0.025919407793538962
2025-10-08,-0.0021905331024352215
2025-10-09,-0.0008775760272983213
2025-10-10,-0.012367710021851774
2025-10-13,0.003106319088070908
2025-10-14,0.0035382534765173723
2025-10-15,0.020105615583575265
2025-10-16,0.003886803024665486
2025-10-17,0.018787958093767543
2025-10-20,0.005063290912330043
2025-10-21,-0.010152433797961713
2025-10-22,0.008467433279731207
2025-10-23,0.015478334113741887
2025-10-24,0.01810000241179832
2025-10-27,0.017778208172082532
2025-10-28,0.005192849737900573
2025-10-29,-0.005993970760649336
2025-10-30,0.0012015603809230058
2025-10-31,-0.028010659708313845
2025-11-03,-0.0016482039078669075
2025-11-04,0.011887917755089017
2025-11-05,0.018971223224762745
2025-11-06,-0.021419280523077955
2025-11-07,0.0024480572983152094
2025-11-10,0.0016285802738078559
2025-11-11,0.018142001758232773
2025-11-12,-0.00882828836942151
2025-11-13,-0.008093915390622985
2025-11-14,0.010911339400284437
2025-11-17,-0.006451621315902933
2025-11-18,0.012062925877344366
2025-11-19,-0.03043453942426977
2025-11-21,0.018371613546925403
2025-11-24,0.0032310135761286496
2025-11-25,0.004425626635338631
2025-11-26,0.006402648705321923
2025-11-27,-0.0011973236235300888
2025-11-28,0.011514853080176746
2025-12-01,-0.03740629018313335
2025-12-02,-0.007404377823126751
2025-12-03,-0.016653220447698125
2025-12-04,0.0029343494386679936
2025-12-05,-0.026294927478598407
2025-12-08,0.009835464814962336
2025-12-09,-0.0025564508104589656
2025-12-10,0.013559500083097031
2025-12-11,-0.013986253760822187
2025-12-12,-0.00042685097815686746
2025-12-15,0.0042606709410173416
2025-12-16,-0.03284644320259478
2025-12-17,-0.00043950659932390224
2025-12-18,-0.0017597855080992986
2025-12-19,0.0048319344128566755
2025-12-22,-0.022491384623140043
2025-12-23,0.0035245875167007057
2025-12-26,-0.0009315537889924563
2025-12-29,0.008352731232981636
2025-12-30,-0.013960172749564848
2026-01-02,0.013960172749564848
2026-01-05,-0.001387227010760217
2026-01-06,0.003695150698344918
2026-01-07,0.0004609462438338596
2026-01-08,0.011454878574328031
2026-01-09,0.015371014191991605
2026-01-12,0.00893256732294212
2026-01-13,-0.028412245124851854
2026-01-14,0.042101991828814356
2026-01-15,0.01523426155593155
2026-01-16,-0.011731634222254428
2026-01-19,0.009569504209773871
2026-01-20,0.04858398334190328
2026-01-21,-0.011196486873518374
2026-01-22,0.00747823624091648
2026-01-23,0.016420714783034196
2026-01-26,0.0032520323606330948
2026-01-27,-0.0016246554493410947
2026-01-28,0.025683570159577673
2026-01-29,-0.012358118828020626
2026-01-30,-0.01658278003977154
2026-02-02,0.0056933618115286855
2026-02-03,0.017685369787204586
2026-02-04,-0.012427478357319721
2026-02-05,0.029805503472779993
2026-02-06,-0.001175345325235444
2026-02-09,0.025160979630167724
2026-02-10,-0.006519680909263581
2026-02-11,0.0755635498266396
2026-02-12,0.009233028002196608
2026-02-13,-0.035988049407365
2026-02-18,-0.011053949718667688
2026-02-19,0.0011109309240455723
2026-02-20,-0.0011109309240455723
2026-02-23,0.017992032146413983
2026-02-24,0.031168592933401573
2026-02-25,-0.010638438860045785
2026-02-26,0.0035587362649396326
2026-02-27,-0.00892066587980711
2026-03-02,-0.021740000910156265
