date,value
2018-01-01,52685.192666660005
2018-01-02,63267.94633333
2018-01-03,66306.29912499001
2018-01-04,66195.50604167
2018-01-05,66451.91187499999
2018-01-06,61927.924583329994
2018-01-07,55443.754375000004
2018-01-08,64353.13616666
2018-01-09,66181.409125
2018-01-10,67560.38895834
2018-01-11,68450.54170833
2018-01-12,68351.69783332999
2018-01-13,62962.31054167
2018-01-14,57564.09912499999
2018-01-15,68097.47812501
2018-01-16,70150.96802396
2018-01-17,71183.56040317
2018-01-18,72834.06095833
2018-01-19,72786.58270832
2018-01-20,66059.98554167
2018-01-21,60060.04291667
2018-01-22,71236.67145833
2018-01-23,73354.94845834
2018-01-24,73505.98566666001
2018-01-25,72336.32058334
2018-01-26,71457.52791668
2018-01-27,64284.766041660005
2018-01-28,58770.76054166
2018-01-29,70117.27245833
2018-01-30,69749.20791667
2018-01-31,68600.388875
2018-02-01,69230.16870834
2018-02-02,69287.65408333999
2018-02-03,63695.5295
2018-02-04,57007.23466666
2018-02-05,66637.432
2018-02-06,68223.252875
2018-02-07,69452.05541667
2018-02-08,71044.38291667
2018-02-09,71887.28195833
2018-02-10,64377.87229167
2018-02-11,58022.619291669995
2018-02-12,62294.91704166
2018-02-13,61610.14
2018-02-14,65988.04362499999
2018-02-15,67671.27445834
2018-02-16,68820.94312499999
2018-02-17,63846.75358332
2018-02-18,57972.80145834
2018-02-19,68346.61050000999
2018-02-20,70212.05050000001
2018-02-21,71268.49195833
2018-02-22,71008.46449998999
2018-02-23,69798.00658333
2018-02-24,63355.17220833
2018-02-25,57808.474749999994
2018-02-26,68761.47466666
2018-02-27,69951.698875
2018-02-28,70865.46645833
2018-03-01,71702.49954167
2018-03-02,72180.76499999
2018-03-03,65654.17141667
2018-03-04,60120.49533333
2018-03-05,71662.25329167
2018-03-06,73445.89945833001
2018-03-07,72947.18416666999
2018-03-08,71354.20595833
2018-03-09,70479.00787500001
2018-03-10,64796.76891667
2018-03-11,59743.454375
2018-03-12,71402.032875
2018-03-13,72569.93887499999
2018-03-14,73537.34370833001
2018-03-15,72982.14749999999
2018-03-16,72619.19433333
2018-03-17,65707.04070833
2018-03-18,60149.77079168
2018-03-19,71783.86183334
2018-03-20,72856.30841667
2018-03-21,68682.53279165999
2018-03-22,69378.09091667
2018-03-23,70554.12787501
2018-03-24,64761.417125
2018-03-25,58018.96091667
2018-03-26,67733.89316667
2018-03-27,68901.454625
2018-03-28,69357.8275
2018-03-29,68193.87166666999
2018-03-30,57302.40170833
2018-03-31,59107.21524999
2018-04-01,56270.56470833
2018-04-02,67711.37545833
2018-04-03,69659.05387501
2018-04-04,68976.780125
2018-04-05,68787.19125
2018-04-06,68532.27529166
2018-04-07,62485.632333329995
2018-04-08,56610.90895833
2018-04-09,67009.98791667
2018-04-10,68070.56295833
2018-04-11,68123.66816666
2018-04-12,68094.90679167
2018-04-13,68043.01587500001
2018-04-14,61903.37541666
2018-04-15,54280.966374999996
2018-04-16,62843.500666659995
2018-04-17,63663.992916669995
2018-04-18,63723.43208334
2018-04-19,64553.46004167
2018-04-20,65059.996041670005
2018-04-21,56534.212375
2018-04-22,53445.641916659995
2018-04-23,63607.54662501
2018-04-24,66563.11658333
2018-04-25,67211.914625
2018-04-26,67808.53258333
2018-04-27,67919.01920809
2018-04-28,61950.18395834
2018-04-29,55469.29783334
2018-04-30,62253.372125
2018-05-01,56510.640625
2018-05-02,65381.39258333
2018-05-03,66938.24833334
2018-05-04,67031.11662501
2018-05-05,61356.033375
2018-05-06,55092.441625
2018-05-07,64487.89824999
2018-05-08,64782.812500010004
2018-05-09,64183.078041659996
2018-05-10,64692.86804167
2018-05-11,64878.49391667
2018-05-12,59641.72854167
2018-05-13,52989.979083340004
2018-05-14,63153.963916609995
2018-05-15,65033.38862673
2018-05-16,65077.40774994
2018-05-17,65284.07929167
2018-05-18,65165.82304167
2018-05-19,58830.07712499
2018-05-20,51922.761333329996
2018-05-21,59742.81020833
2018-05-22,60698.78979166
2018-05-23,60439.50841666
2018-05-24,60086.60525
2018-05-25,58830.03804167
2018-05-26,52934.92574999
2018-05-27,48585.55212501
2018-05-28,55326.88529166
2018-05-29,55552.66375
2018-05-30,54865.98866666
2018-05-31,50686.67516666
2018-06-01,55338.000625
2018-06-02,54241.57583334
2018-06-03,50565.75204166
2018-06-04,59085.912124999995
2018-06-05,60495.28470833
2018-06-06,61421.78675
2018-06-07,62283.06975001
2018-06-08,62074.76308333
2018-06-09,57371.35750001
2018-06-10,51938.27866667
2018-06-11,61766.064333329996
2018-06-12,63944.88433333
2018-06-13,63812.08337501
2018-06-14,63298.236875
2018-06-15,62930.48833333999
2018-06-16,57966.104958330005
2018-06-17,51567.38075001
2018-06-18,60675.096791669996
2018-06-19,61787.71233333
2018-06-20,61717.38204166
2018-06-21,62245.55983333
2018-06-22,60767.06991667
2018-06-23,57794.21520834
2018-06-24,52321.06283334
2018-06-25,61535.299833339996
2018-06-26,63094.08795834
2018-06-27,60930.92066666
2018-06-28,63116.74320834
2018-06-29,62430.71975001
2018-06-30,57677.197166679995
2018-07-01,51693.70704167
2018-07-02,59361.630083330005
2018-07-03,62936.43408333
2018-07-04,62929.01070834
2018-07-05,63271.575625000005
2018-07-06,60614.20395833
2018-07-07,57383.91104166
2018-07-08,51504.046875
2018-07-09,58775.465833329996
2018-07-10,61066.68404167
2018-07-11,60800.93629167
2018-07-12,61216.11212492
2018-07-13,61441.59645931
2018-07-14,56924.4278319
2018-07-15,51376.241500000004
2018-07-16,60707.521
2018-07-17,62257.99895833
2018-07-18,62405.79891667
2018-07-19,62877.23675
2018-07-20,63063.88054143
2018-07-21,57722.973125
2018-07-22,51604.93291666
2018-07-23,61111.25604166
2018-07-24,62592.74187500001
2018-07-25,62279.52716667
2018-07-26,62353.51991667
2018-07-27,62470.148
2018-07-28,57807.84525
2018-07-29,52486.45320833
2018-07-30,61909.046875
2018-07-31,62877.43183333
2018-08-01,62636.58370834
2018-08-02,62783.908083329996
2018-08-03,62736.59495833
2018-08-04,57911.23016667
2018-08-05,52241.87449999
2018-08-06,61549.98545832001
2018-08-07,62739.00474999999
2018-08-08,63270.80008333
2018-08-09,63427.04512501
2018-08-10,62595.80783333
2018-08-11,57288.26579166
2018-08-12,51219.09062501
2018-08-13,61088.55508332999
2018-08-14,62928.04437587
2018-08-15,62728.25237501
2018-08-16,63043.33641668
2018-08-17,62827.52329167
2018-08-18,57613.44825
2018-08-19,52042.891
2018-08-20,61647.382875
2018-08-21,63090.52679167
2018-08-22,63172.46737499999
2018-08-23,63745.68116666
2018-08-24,64469.35821101
2018-08-25,49950.68341666
2018-08-26,51702.45879166
2018-08-27,60369.92149999
2018-08-28,62081.31179167
2018-08-29,62690.86945834001
2018-08-30,63358.92304167
2018-08-31,63924.52175
2018-09-01,59097.61216667
2018-09-02,53323.83054166
2018-09-03,62422.68054166999
2018-09-04,62574.12350001
2018-09-05,61894.49920834
2018-09-06,61789.906
2018-09-07,55213.03454166
2018-09-08,54707.466125
2018-09-09,51591.173375
2018-09-10,61696.786541659996
2018-09-11,63852.255708330005
2018-09-12,64266.32133333
2018-09-13,64739.50108334
2018-09-14,64129.19804167
2018-09-15,59216.28741667
2018-09-16,53171.81345833
2018-09-17,62680.055333330005
2018-09-18,64992.95125
2018-09-19,66031.59158333999
2018-09-20,64499.32666668
2018-09-21,65449.509208339994
2018-09-22,60787.68712499
2018-09-23,55276.76766667
2018-09-24,66039.468375
2018-09-25,67710.96158333
2018-09-26,68417.437125
2018-09-27,68082.599
2018-09-28,66968.47929167
2018-09-29,61478.913125
2018-09-30,55316.801374999995
2018-10-01,65754.255125
2018-10-02,67874.57875
2018-10-03,68452.422375
2018-10-04,67824.87225
2018-10-05,66297.00249999
2018-10-06,59225.56370834001
2018-10-07,52618.82000001
2018-10-08,64214.84679166
2018-10-09,67326.24179187999
2018-10-10,68061.31416666
2018-10-11,67008.48679167
2018-10-12,58404.58866667
2018-10-13,59441.67358333
2018-10-14,55454.71020833
2018-10-15,64995.91495834
2018-10-16,67242.22083333999
2018-10-17,68004.41729166001
2018-10-18,68230.55458333
2018-10-19,67066.88270834001
2018-10-20,60002.750499999995
2018-10-21,52902.47912501
2018-10-22,63696.16533333
2018-10-23,66693.04041667
2018-10-24,66468.402125
2018-10-25,66813.92854166
2018-10-26,67082.23358333
2018-10-27,61404.49904167
2018-10-28,53957.85554167
2018-10-29,63686.752875
2018-10-30,66093.04416655
2018-10-31,67248.80416667
2018-11-01,66922.69641666999
2018-11-02,58140.755833330004
2018-11-03,59215.81991736
2018-11-04,54978.01513057
2018-11-05,64277.953081490006
2018-11-06,65577.67520833
2018-11-07,65842.12708334
2018-11-08,64955.70899999
2018-11-09,64820.93945833
2018-11-10,60808.90541667
2018-11-11,56166.07125
2018-11-12,67929.35733333
2018-11-13,70671.444125
2018-11-14,71155.68608332999
2018-11-15,63696.81066667
2018-11-16,66000.26520833
2018-11-17,60549.5005
2018-11-18,55989.16854166
2018-11-19,64973.97008333
2018-11-20,64022.38904166
2018-11-21,65318.054875010006
2018-11-22,67187.11283334001
2018-11-23,68488.85687554
2018-11-24,62681.097958340004
2018-11-25,56657.25254166
2018-11-26,65053.04404167
2018-11-27,66065.04050001
2018-11-28,66897.43974999001
2018-11-29,68663.29545834
2018-11-30,69436.074875
2018-12-01,63478.676875000005
2018-12-02,56793.69283333
2018-12-03,65126.540666659996
2018-12-04,66852.88470833
2018-12-05,68763.02083334
2018-12-06,68963.84520834
2018-12-07,67490.83083336
2018-12-08,59637.514999989995
2018-12-09,54001.07041668
2018-12-10,65936.76591667
2018-12-11,69946.53458164001
2018-12-12,71870.80933334
2018-12-13,72685.931
2018-12-14,72614.438
2018-12-15,66850.83975
2018-12-16,61459.164208329996
2018-12-17,73306.28020833
2018-12-18,73837.26466652
2018-12-19,72625.82995831
2018-12-20,72668.26245822001
2018-12-21,71270.68854097
2018-12-22,65601.76229166
2018-12-23,60618.75954166
2018-12-24,59815.6915
2018-12-25,52443.99420833
2018-12-26,61830.228458330006
2018-12-27,63811.00154166
2018-12-28,64263.200375
2018-12-29,61608.763999999996
2018-12-30,58323.93591666
2018-12-31,59059.60633334
2019-01-01,54681.65833333
2019-01-02,66506.55070834
2019-01-03,70751.89004167
2019-01-04,70169.08470834
2019-01-05,63940.25154166
2019-01-06,59482.90716666
2019-01-07,70563.62633334
2019-01-08,72965.84912500001
2019-01-09,73702.26045833
2019-01-10,73932.19625000001
2019-01-11,73164.16220834
2019-01-12,67178.98904167001
2019-01-13,61495.218125010004
2019-01-14,73380.65195880001
2019-01-15,75305.42120949
2019-01-16,76565.64987605001
2019-01-17,76196.929878
2019-01-18,75509.66478995
2019-01-19,68340.79849992
2019-01-20,62485.05849993
2019-01-21,74527.87770849
2019-01-22,77520.4667502
2019-01-23,78559.24820797
2019-01-24,77565.60383375
2019-01-25,74663.12912493
2019-01-26,66861.02616567
2019-01-27,61173.90529075
2019-01-28,74137.85545833
2019-01-29,77748.99204049
2019-01-30,79038.11275001
2019-01-31,78988.94208321
2019-02-01,78582.00620833
2019-02-02,71107.44499999
2019-02-03,64179.61341666
2019-02-04,72226.29487499999
2019-02-05,71179.68591667
2019-02-06,69846.57229167
2019-02-07,69548.79466668
2019-02-08,71471.76237499999
2019-02-09,66780.53904167
2019-02-10,62098.41508333
2019-02-11,74206.02270833
2019-02-12,74676.94758333999
2019-02-13,71371.34224999
2019-02-14,70363.938625
2019-02-15,70034.466125
2019-02-16,63707.71816666
2019-02-17,57805.26558333
2019-02-18,69273.56408333
2019-02-19,71236.13216668
2019-02-20,72316.45441666999
2019-02-21,72100.645625
2019-02-22,72953.36574999
2019-02-23,68357.60029166
2019-02-24,63405.444833329995
2019-02-25,73380.48075
2019-02-26,71224.863
2019-02-27,70810.51475001
2019-02-28,70230.883625
2019-03-01,69413.40645834
2019-03-02,63249.608125000006
2019-03-03,57451.60866668
2019-03-04,61826.78491666
2019-03-05,62454.770500000006
2019-03-06,68521.89883333
2019-03-07,72108.51300001
2019-03-08,72970.09666666
2019-03-09,66999.63124999
2019-03-10,60595.733374999996
2019-03-11,69235.54975
2019-03-12,70662.24945833
2019-03-13,72098.82616666
2019-03-14,72628.37245833
2019-03-15,71992.66754165999
2019-03-16,65231.89404167
2019-03-17,59110.999500000005
2019-03-18,71088.60395834
2019-03-19,73127.47445832999
2019-03-20,71938.44945833
2019-03-21,68242.86254166
2019-03-22,66492.83391667
2019-03-23,61401.88329166
2019-03-24,57081.807625
2019-03-25,68060.60662501
2019-03-26,69880.18241668
2019-03-27,69390.80625
2019-03-28,68513.385
2019-03-29,67403.77341992
2019-03-30,61878.33143613
2019-03-31,56651.96011187
2019-04-01,67467.10979167
2019-04-02,69434.57154166
2019-04-03,70727.933375
2019-04-04,71640.00825
2019-04-05,71857.28454167
2019-04-06,64617.94679167
2019-04-07,57991.016124999995
2019-04-08,67683.98658333
2019-04-09,67493.803
2019-04-10,67298.55012500999
2019-04-11,67521.34420833
2019-04-12,67971.88204165999
2019-04-13,62856.309125
2019-04-14,57137.97425
2019-04-15,67876.54570833
2019-04-16,68807.38670833
2019-04-17,68344.36704167
2019-04-18,66951.68445833
2019-04-19,56015.01004166
2019-04-20,57623.46333333
2019-04-21,54471.931375
2019-04-22,66201.87504166001
2019-04-23,67308.15616665999
2019-04-24,68427.15695833
2019-04-25,69139.999
2019-04-26,69240.19029167
2019-04-27,63285.81174999999
2019-04-28,56879.165375
2019-04-29,66083.56625
2019-04-30,66642.01379165999
2019-05-01,57722.59420833
2019-05-02,65869.78791667
2019-05-03,67291.64012499
2019-05-04,61510.65741667
2019-05-05,56631.97516667
2019-05-06,67604.66270834001
2019-05-07,67913.95125000001
2019-05-08,66731.08070834
2019-05-09,66104.46825
2019-05-10,66415.534625
2019-05-11,61218.476625
2019-05-12,55113.016875
2019-05-13,65757.96562500001
2019-05-14,66740.28770833
2019-05-15,64882.968
2019-05-16,64200.95495833999
2019-05-17,63217.72641667
2019-05-18,57249.99716666
2019-05-19,52096.353583339995
2019-05-20,61908.071625
2019-05-21,63977.39870833
2019-05-22,64695.155875000004
2019-05-23,64912.587499999994
2019-05-24,64691.244208339995
2019-05-25,58114.66441667
2019-05-26,52325.22
2019-05-27,62261.409625
2019-05-28,64399.693666670006
2019-05-29,65138.28166666
2019-05-30,65704.82895833
2019-05-31,65659.97629166
2019-06-01,59877.20695833
2019-06-02,53542.3305
2019-06-03,62939.30691666
2019-06-04,63347.39929166
2019-06-05,61968.84470833
2019-06-06,61915.38162627
2019-06-07,62162.564208330004
2019-06-08,57169.545000009995
2019-06-09,51589.10029167
2019-06-10,61243.379291670004
2019-06-11,63128.64079167
2019-06-12,63583.451793600005
2019-06-13,63814.70304167
2019-06-14,64149.954375
2019-06-15,58998.801000010004
2019-06-16,52917.119458329995
2019-06-17,62297.151291660004
2019-06-18,63504.01612499
2019-06-19,63525.493458330006
2019-06-20,56944.55004167
2019-06-21,59663.22233333
2019-06-22,56019.71829166
2019-06-23,51273.994041670005
2019-06-24,60271.96225001
2019-06-25,63246.28216666001
2019-06-26,63926.90020834
2019-06-27,64237.31258332
2019-06-28,64049.412083339994
2019-06-29,58805.678
2019-06-30,52915.0075
2019-07-01,62229.43233333
2019-07-02,63657.164208329996
2019-07-03,64279.86783332
2019-07-04,64150.59591666
2019-07-05,63791.40804167
2019-07-06,56689.73491666
2019-07-07,50089.675208329994
2019-07-08,57524.74704167
2019-07-09,58244.69645834
2019-07-10,60187.52575001
2019-07-11,60619.05754167
2019-07-12,60757.84295834
2019-07-13,55857.90075
2019-07-14,51086.13479166
2019-07-15,60655.157875
2019-07-16,61882.100374999995
2019-07-17,61496.28420833
2019-07-18,61265.418625
2019-07-19,61194.78108334
2019-07-20,55616.26283333
2019-07-21,50261.93741667
2019-07-22,59823.719874999995
2019-07-23,61919.78129167
2019-07-24,62443.55258334
2019-07-25,62429.723791660006
2019-07-26,62013.95591667
2019-07-27,56761.209
2019-07-28,51105.667875
2019-07-29,60513.24379166
2019-07-30,62334.12420834
2019-07-31,62520.69925
2019-08-01,62805.05333333
2019-08-02,63257.30750001001
2019-08-03,56438.49425001
2019-08-04,50404.58199999
2019-08-05,59313.147124990006
2019-08-06,60952.697791670005
2019-08-07,61664.52320833
2019-08-08,62783.41929166
2019-08-09,63317.97379166
2019-08-10,58292.31633334
2019-08-11,52565.949208340004
2019-08-12,63123.16716666
2019-08-13,64217.36391667
2019-08-14,62881.419958340004
2019-08-15,61508.38645833
2019-08-16,61714.91883333
2019-08-17,56686.49745833
2019-08-18,52188.12266667
2019-08-19,62053.94391667
2019-08-20,63415.903
2019-08-21,63255.77925
2019-08-22,63085.20375
2019-08-23,62765.71695834
2019-08-24,56869.54141667
2019-08-25,51144.81816667
2019-08-26,60816.52683333
2019-08-27,62743.06050001
2019-08-28,62734.70945833
2019-08-29,63206.058625000005
2019-08-30,64035.276750000005
2019-08-31,59167.187958329996
2019-09-01,53269.572625
2019-09-02,62924.04083333
2019-09-03,64887.06883333
2019-09-04,64817.4925
2019-09-05,64207.04441667
2019-09-06,63106.133291670005
2019-09-07,54901.83916667
2019-09-08,53303.509916669995
2019-09-09,65112.189375
2019-09-10,68012.73533333
2019-09-11,69075.22029167
2019-09-12,69746.08012501
2019-09-13,67775.24704166001
2019-09-14,61489.863375
2019-09-15,56370.7725
2019-09-16,67723.84058332
2019-09-17,69493.44054167
2019-09-18,69699.828625
2019-09-19,69090.34145833
2019-09-20,68098.246625
2019-09-21,61535.11933334
2019-09-22,54761.74679167
2019-09-23,63075.446958340006
2019-09-24,64582.05741666
2019-09-25,64773.932250000005
2019-09-26,64774.00654167
2019-09-27,64290.8905
2019-09-28,58686.69158333
2019-09-29,53013.42941667
2019-09-30,63419.74091666
2019-10-01,66812.84833333001
2019-10-02,68216.40254167
2019-10-03,67631.04095834
2019-10-04,67233.00916667
2019-10-05,61942.64929166999
2019-10-06,55148.51279167
2019-10-07,64368.092625000005
2019-10-08,65446.09112501
2019-10-09,65572.50029167
2019-10-10,66327.379625
2019-10-11,67365.977
2019-10-12,59385.77454166
2019-10-13,57807.068333330004
2019-10-14,68271.33545834
2019-10-15,68287.9625
2019-10-16,68641.64329166
2019-10-17,69747.96958332999
2019-10-18,69865.777375
2019-10-19,63289.160875
2019-10-20,55649.666666670004
2019-10-21,64164.1685
2019-10-22,65548.49216666
2019-10-23,66179.72091666999
2019-10-24,67168.41812499
2019-10-25,68606.88704167
2019-10-26,63074.36333333
2019-10-27,58009.008916659994
2019-10-28,68176.046
2019-10-29,71064.02387499
2019-10-30,72500.47170834
2019-10-31,71521.06854166
2019-11-01,69362.42191666999
2019-11-02,60127.58125
2019-11-03,58100.92233334
2019-11-04,70666.55279167
2019-11-05,72115.63395833
2019-11-06,69744.63704166
2019-11-07,68878.78929166
2019-11-08,68978.758375
2019-11-09,63574.42579166
2019-11-10,57936.46845834
2019-11-11,68168.15675001
2019-11-12,68726.46708334
2019-11-13,69046.17320834
2019-11-14,68253.432625
2019-11-15,59722.66525001
2019-11-16,58210.72283333
2019-11-17,54598.16483334
2019-11-18,65154.33512501
2019-11-19,67498.03820834
2019-11-20,66292.28908334
2019-11-21,68993.283875
2019-11-22,69783.0605
2019-11-23,64097.21675
2019-11-24,55653.07474999
2019-11-25,65337.798416670004
2019-11-26,67848.330875
2019-11-27,68515.16212498999
2019-11-28,67686.05183333
2019-11-29,66912.93079166001
2019-11-30,62960.82258333
2019-12-01,57774.650375
2019-12-02,66787.05545833
2019-12-03,67297.89841666
2019-12-04,68546.17220833001
2019-12-05,69581.24695834
2019-12-06,68452.076625
2019-12-07,62747.62258332
2019-12-08,57007.92125
2019-12-09,67814.58895833
2019-12-10,69349.31141667
2019-12-11,69793.35433333
2019-12-12,70210.721875
2019-12-13,69830.64437501
2019-12-14,64052.187624989994
2019-12-15,59203.164708339995
2019-12-16,69915.22558334
2019-12-17,70908.68683333
2019-12-18,69416.95768749999
2019-12-19,68452.57875001
2019-12-20,68283.30147917
2019-12-21,63961.891625000004
2019-12-22,59186.084
2019-12-23,63353.201125
2019-12-24,59759.48975
2019-12-25,54235.23625
2019-12-26,65053.389124990004
2019-12-27,67367.971625
2019-12-28,64962.77031249
2019-12-29,61107.209791659996
2019-12-30,65512.5110625
2019-12-31,62005.22712498999
2020-01-01,57135.10514583
2020-01-02,65163.69420834
2020-01-03,65150.40270834
2020-01-04,61463.301375
2020-01-05,57634.677208329995
2020-01-06,67890.71529167
2020-01-07,71538.42754166
2020-01-08,72049.87658333
2020-01-09,73126.33783333
2020-01-10,73830.134625
2020-01-11,67669.52970834001
2020-01-12,62012.998958330005
2020-01-13,71521.00820834
2020-01-14,72703.31029167
2020-01-15,74318.99091667001
2020-01-16,75696.69887501
2020-01-17,71773.37995833
2020-01-18,64159.368
2020-01-19,59308.42437499
2020-01-20,70278.33816667
2020-01-21,71963.73962499
2020-01-22,70556.62395833
2020-01-23,69089.69750000001
2020-01-24,68387.67162501
2020-01-25,63440.96870833
2020-01-26,59289.51566667
2020-01-27,71444.30183333
2020-01-28,73471.88225
2020-01-29,74121.26370832999
2020-01-30,74309.54666667
2020-01-31,74279.06083333
2020-02-01,68172.55483334
2020-02-02,61633.305166670005
2020-02-03,71781.13654166
2020-02-04,72633.54720834
2020-02-05,72744.96945834
2020-02-06,72507.23354167
2020-02-07,72257.40625001
2020-02-08,66760.108125
2020-02-09,61032.639541669996
2020-02-10,70367.33254167
2020-02-11,69756.3445
2020-02-12,69512.86695834
2020-02-13,70268.96808334
2020-02-14,71412.41004168
2020-02-15,67571.51875
2020-02-16,62774.13966666
2020-02-17,74732.19475
2020-02-18,76814.67654166001
2020-02-19,76171.981625
2020-02-20,75593.0175
2020-02-21,73022.00191667
2020-02-22,63735.12145834
2020-02-23,56487.83570833
2020-02-24,62076.72370834
2020-02-25,63500.39679167
2020-02-26,68960.9415
2020-02-27,70054.19225
2020-02-28,69216.52583333
2020-02-29,63551.443625
2020-03-01,57345.01645833
2020-03-02,67144.90766666
2020-03-03,68886.96695833
2020-03-04,69914.958375
2020-03-05,70632.59537501
2020-03-06,69945.18554167
2020-03-07,63912.21641667
2020-03-08,58454.51791666
2020-03-09,70412.16375
2020-03-10,73206.70808334
2020-03-11,73718.07808333
2020-03-12,73994.98254165999
2020-03-13,74649.89645834
2020-03-14,68097.85537501
2020-03-15,62256.174875
2020-03-16,72797.02620834
2020-03-17,73601.77241666001
2020-03-18,73496.04220833
2020-03-19,72084.71058334
2020-03-20,70002.26699999999
2020-03-21,62217.69870834
2020-03-22,56673.38508333
2020-03-23,62885.028291660004
2020-03-24,62120.79616667
2020-03-25,61676.421083329995
2020-03-26,61582.438375
2020-03-27,61379.39658334
2020-03-28,58935.39229167
2020-03-29,55748.92741667
2020-03-30,61869.40562501
2020-03-31,62858.07116666999
2020-04-01,62597.975374990005
2020-04-02,62945.85495834
2020-04-03,62041.437
2020-04-04,57102.80391666
2020-04-05,53966.895791660005
2020-04-06,61188.20558333999
2020-04-07,61028.20683334
2020-04-08,59743.12945833
2020-04-09,58222.207333340004
2020-04-10,51254.50745833
2020-04-11,52495.26366667
2020-04-12,50081.283541669996
2020-04-13,57705.12541667
2020-04-14,58646.05654166
2020-04-15,58840.59158334
2020-04-16,57786.191291669995
2020-04-17,57618.39833333
2020-04-18,53826.385791680004
2020-04-19,49803.770625000005
2020-04-20,55154.89720834
2020-04-21,54254.185375
2020-04-22,58463.062583340004
2020-04-23,58838.592041669996
2020-04-24,58928.073874999995
2020-04-25,54832.87370833
2020-04-26,51215.682041659995
2020-04-27,58072.92620833
2020-04-28,59149.53404166
2020-04-29,59825.88645834
2020-04-30,59632.79454167
2020-05-01,53701.65658227
2020-05-02,53012.51929168
2020-05-03,49777.96633333
2020-05-04,57210.21245859
2020-05-05,59162.184083500004
2020-05-06,59704.94987501
2020-05-07,58431.127333829994
2020-05-08,57626.0708759
2020-05-09,53423.41220839
2020-05-10,48600.9398751
2020-05-11,57010.88137491
2020-05-12,59120.78058294
2020-05-13,59808.51729166
2020-05-14,59615.025250009996
2020-05-15,58702.348874990006
2020-05-16,53788.07783332
2020-05-17,49414.7025
2020-05-18,57060.61516667
2020-05-19,58583.16737499
2020-05-20,59295.409375
2020-05-21,59638.22183332
2020-05-22,59553.09133333
2020-05-23,55750.40779166001
2020-05-24,50515.583
2020-05-25,55289.606
2020-05-26,57026.87258333
2020-05-27,57445.454041670004
2020-05-28,57497.231375
2020-05-29,57026.89041666
2020-05-30,52981.09345833
2020-05-31,48841.67691666
2020-06-01,56824.250375
2020-06-02,58985.920249999996
2020-06-03,59703.366583330004
2020-06-04,60364.52545833
2020-06-05,59836.636416659996
2020-06-06,55264.50454167
2020-06-07,50342.819875
2020-06-08,58871.521833319995
2020-06-09,60762.36858334
2020-06-10,60965.720208340004
2020-06-11,56660.32975
2020-06-12,58077.182125
2020-06-13,54916.15283333
2020-06-14,50117.31645832
2020-06-15,57305.73520833001
2020-06-16,58552.510875
2020-06-17,58625.00354167
2020-06-18,58564.96954166
2020-06-19,59042.378583330006
2020-06-20,55612.05383334
2020-06-21,50970.91958332
2020-06-22,59408.20937501
2020-06-23,60097.49445834
2020-06-24,59953.12575
2020-06-25,60896.311749989996
2020-06-26,60708.43170833
2020-06-27,56397.677125
2020-06-28,51030.044166670006
2020-06-29,58915.77333334
2020-06-30,58945.11316666
2020-07-01,58895.356083340004
2020-07-02,59605.28845833
2020-07-03,59326.76245833
2020-07-04,54918.889500000005
2020-07-05,50620.109125
2020-07-06,59327.393958329994
2020-07-07,61049.37941666
2020-07-08,61235.45145833
2020-07-09,60923.24950001
2020-07-10,59931.96825
2020-07-11,55827.330875
2020-07-12,51469.63825
2020-07-13,60483.263166669996
2020-07-14,61811.47304167
2020-07-15,61418.810666670004
2020-07-16,61124.355916659995
2020-07-17,60871.19975
2020-07-18,56422.24658332
2020-07-19,50976.00304166
2020-07-20,59392.23670833
2020-07-21,61215.78941666
2020-07-22,61532.03979166
2020-07-23,61763.89025
2020-07-24,61752.18383334
2020-07-25,57387.89287501
2020-07-26,51717.723833330005
2020-07-27,60582.523
2020-07-28,63007.943625
2020-07-29,62949.84275
2020-07-30,62100.25716666
2020-07-31,61440.55404167
2020-08-01,56518.47750108
2020-08-02,51240.42945834
2020-08-03,59829.131041659995
2020-08-04,61397.61795834
2020-08-05,61648.51537501
2020-08-06,61842.65504165999
2020-08-07,62154.80245833
2020-08-08,57656.93870833
2020-08-09,51979.19429167
2020-08-10,61505.403874999996
2020-08-11,63745.48995833
2020-08-12,64573.270833329996
2020-08-13,64641.868875
2020-08-14,64910.278
2020-08-15,59645.63233334001
2020-08-16,54136.76879167
2020-08-17,63071.43083334
2020-08-18,64974.414625
2020-08-19,65565.15804166
2020-08-20,65076.90858332999
2020-08-21,63136.69633333
2020-08-22,57238.09325001
2020-08-23,51311.13275001
2020-08-24,60251.44062501
2020-08-25,61945.426625010004
2020-08-26,62589.115374999994
2020-08-27,63585.04658334
2020-08-28,64270.202791660005
2020-08-29,60208.37549999
2020-08-30,55391.1195
2020-08-31,64723.56912499
2020-09-01,65343.32520834
2020-09-02,65581.89045833
2020-09-03,66010.21245833
2020-09-04,66515.1795
2020-09-05,61278.054
2020-09-06,55440.23016666
2020-09-07,58162.21108333
2020-09-08,65925.09733332999
2020-09-09,67893.764375
2020-09-10,68953.56591667
2020-09-11,69174.06708333
2020-09-12,64521.207250010004
2020-09-13,58234.78983334001
2020-09-14,67854.45070833
2020-09-15,67621.660125
2020-09-16,68148.60808333001
2020-09-17,68985.44662499
2020-09-18,68927.54991666
2020-09-19,64165.145999989996
2020-09-20,57226.27237499999
2020-09-21,65077.747125
2020-09-22,65367.063625
2020-09-23,65244.128583339996
2020-09-24,66238.40891666
2020-09-25,67027.45724999
2020-09-26,63228.39141666
2020-09-27,59052.79366668
2020-09-28,69323.82904166
2020-09-29,70673.914375
2020-09-30,72520.849125
2020-10-01,73985.81133334
2020-10-02,75081.90283333
2020-10-03,68556.872625
2020-10-04,60410.601583330004
2020-10-05,70663.09608333
2020-10-06,73653.90054167
2020-10-07,74849.02404167
2020-10-08,73679.00012499999
2020-10-09,71907.40174999999
2020-10-10,64394.41041666
2020-10-11,56139.174041670005
2020-10-12,58018.395375
2020-10-13,68004.85412501
2020-10-14,71358.20304169
2020-10-15,69660.24041666
2020-10-16,68556.53470832
2020-10-17,63002.30241667
2020-10-18,57245.72441666
2020-10-19,66829.85145833
2020-10-20,69779.56179166
2020-10-21,70138.40020834
2020-10-22,69682.78625
2020-10-23,69238.82825001
2020-10-24,64357.87108333
2020-10-25,57978.62374999
2020-10-26,67008.177625
2020-10-27,68876.770875
2020-10-28,70637.52958334
2020-10-29,71097.52770832999
2020-10-30,68075.02475001
2020-10-31,60610.05704166999
2020-11-01,53598.80720833
2020-11-02,54767.70808333
2020-11-03,63770.68758334
2020-11-04,64818.960916660006
2020-11-05,65764.23778027
2020-11-06,66629.10254247999
2020-11-07,62846.48087503
2020-11-08,57399.10062313
2020-11-09,67625.60720239
2020-11-10,69170.59709282
2020-11-11,69927.90370251
2020-11-12,69257.65491667
2020-11-13,70284.48191667
2020-11-14,65651.04854166001
2020-11-15,59636.41766666
2020-11-16,70623.79883333
2020-11-17,71142.96595833001
2020-11-18,69383.37129167
2020-11-19,67894.02975
2020-11-20,65539.74358334
2020-11-21,61939.45329166
2020-11-22,57046.4505
2020-11-23,67577.75287499
2020-11-24,70243.00704167
2020-11-25,71895.52416666999
2020-11-26,72847.94529166
2020-11-27,72954.04066667
2020-11-28,68150.20941666
2020-11-29,62159.35079166001
2020-11-30,72605.27116386
2020-12-01,73490.15841666
2020-12-02,73817.008625
2020-12-03,73661.29370832999
2020-12-04,74144.78420833
2020-12-05,67704.57770836
2020-12-06,59265.58675
2020-12-07,68046.48946677
2020-12-08,69649.72641667
2020-12-09,70934.59091667
2020-12-10,70661.17916667
2020-12-11,71404.65
2020-12-12,66943.21258333
2020-12-13,61000.41554166
2020-12-14,70948.35870833
2020-12-15,73291.56079166
2020-12-16,74411.58320833
2020-12-17,73869.53820834
2020-12-18,74163.23737496001
2020-12-19,69471.19883333
2020-12-20,63944.246041670005
2020-12-21,72093.05541666
2020-12-22,70925.82687501001
2020-12-23,68569.03375
2020-12-24,62379.73358334
2020-12-25,54110.190125
2020-12-26,58277.931625
2020-12-27,57547.98749999
2020-12-28,65569.83470834
2020-12-29,67784.23366667
2020-12-30,68644.27920833
2020-12-31,63599.04145834
2021-01-01,56062.70787375
2021-01-02,59219.922000000006
2021-01-03,57691.14675
2021-01-04,67460.96945852
2021-01-05,71385.42970922
2021-01-06,73736.47587637001
2021-01-07,74491.46671454
2021-01-08,74285.4355
2021-01-09,69433.94137855001
2021-01-10,64015.29883334
2021-01-11,74752.86424808
2021-01-12,75485.97537283
2021-01-13,74276.47849422
2021-01-14,72637.69037766001
2021-01-15,72411.62633601
2021-01-16,67100.6462917
2021-01-17,62053.94908334
2021-01-18,71878.07459494
2021-01-19,72544.75858518001
2021-01-20,72170.17733333999
2021-01-21,72884.37262499999
2021-01-22,73077.28908333
2021-01-23,67850.92708333
2021-01-24,62625.89933334
2021-01-25,72147.40225001
2021-01-26,74498.91566667
2021-01-27,75270.22070833
2021-01-28,75178.00758334
2021-01-29,75355.58570834
2021-01-30,70213.22904167
2021-01-31,64649.55270833
2021-02-01,74814.372875
2021-02-02,76473.90479167001
2021-02-03,77239.52658333999
2021-02-04,77751.45875001
2021-02-05,74846.73041667
2021-02-06,66336.61974959
2021-02-07,59747.84929186
2021-02-08,69242.24745935001
2021-02-09,70842.73641666
2021-02-10,71401.05116666999
2021-02-11,71758.42695973
2021-02-12,70917.796875
2021-02-13,65501.933000000005
2021-02-14,59903.97666667
2021-02-15,67889.00525
2021-02-16,69669.59816667001
2021-02-17,71958.80837499
2021-02-18,72730.27462501
2021-02-19,73346.002875
2021-02-20,68214.552375
2021-02-21,62673.457999989994
2021-02-22,73400.72125
2021-02-23,75466.70079167001
2021-02-24,75501.479875
2021-02-25,73979.05391667
2021-02-26,72553.31883333
2021-02-27,65876.90329167
2021-02-28,60035.03854167
2021-03-01,69698.568625
2021-03-02,72986.35625
2021-03-03,74407.52287501
2021-03-04,74485.31566667
2021-03-05,73573.46104167
2021-03-06,67556.46483334
2021-03-07,61886.50708333
2021-03-08,71848.09950000001
2021-03-09,72887.61279166
2021-03-10,72868.31166666001
2021-03-11,73993.20070833
2021-03-12,74942.49770834
2021-03-13,69439.33995834
2021-03-14,64510.47475
2021-03-15,74399.25704167
2021-03-16,76631.85608333
2021-03-17,76030.2895
2021-03-18,74812.40008334
2021-03-19,73857.69525
2021-03-20,68994.66958333
2021-03-21,64331.60945833
2021-03-22,74754.54279167
2021-03-23,75947.708125
2021-03-24,76026.95854166
2021-03-25,76005.16241667
2021-03-26,75758.00745833
2021-03-27,70536.34970833
2021-03-28,64962.873208339995
2021-03-29,74344.65595832
2021-03-30,74197.839125
2021-03-31,72259.58425
2021-04-01,69941.68766667001
2021-04-02,61798.50074999999
2021-04-03,62812.43583333
2021-04-04,60051.42079167
2021-04-05,70349.93258333
2021-04-06,71868.54383333
2021-04-07,71519.40845834001
2021-04-08,71250.09679167
2021-04-09,72084.31320833
2021-04-10,67391.92737498999
2021-04-11,61736.82679166
2021-04-12,71399.68420834
2021-04-13,72288.3615
2021-04-14,71469.617875
2021-04-15,71196.76395834
2021-04-16,71249.94095833
2021-04-17,66111.97558333
2021-04-18,60081.02287405
2021-04-19,68904.17912499
2021-04-20,69407.190625
2021-04-21,65468.15579167
2021-04-22,69051.52266665999
2021-04-23,68734.85362499
2021-04-24,64448.072625
2021-04-25,59413.85454166
2021-04-26,68967.00120833001
2021-04-27,70268.54870834001
2021-04-28,70014.27045833
2021-04-29,69332.01541666
2021-04-30,68118.02575
2021-05-01,59537.340375
2021-05-02,57342.072375
2021-05-03,67536.43970834
2021-05-04,69676.52741667
2021-05-05,70401.42583333
2021-05-06,70426.79170833
2021-05-07,69145.25429167
2021-05-08,63488.81845834
2021-05-09,56892.58391667
2021-05-10,67190.09841667
2021-05-11,69016.6165
2021-05-12,69367.7325
2021-05-13,68624.25395833
2021-05-14,68393.94908333
2021-05-15,63660.17879167
2021-05-16,58211.652375
2021-05-17,67517.793125
2021-05-18,69023.19949999
2021-05-19,68996.81441667001
2021-05-20,69557.38020833
2021-05-21,70407.32516668
2021-05-22,64833.445250000004
2021-05-23,59221.28074998999
2021-05-24,67470.08487501
2021-05-25,68387.74183333
2021-05-26,69224.18679166
2021-05-27,69794.70895833001
2021-05-28,70337.070125
2021-05-29,65800.50720833
2021-05-30,59563.55879167
2021-05-31,67925.02679167
2021-06-01,68524.19479167
2021-06-02,69210.84174999999
2021-06-03,64735.24804167
2021-06-04,66895.46349999
2021-06-05,63078.35941667
2021-06-06,58929.16570833
2021-06-07,68049.025625
2021-06-08,69526.36766666
2021-06-09,69644.12162501
2021-06-10,69863.923
2021-06-11,69539.34258334
2021-06-12,63545.65375
2021-06-13,57268.064833330005
2021-06-14,66249.36108333
2021-06-15,67640.08216667
2021-06-16,67967.696
2021-06-17,68217.60216667
2021-06-18,68074.185875
2021-06-19,63231.13816667
2021-06-20,57484.485791679996
2021-06-21,66406.040625
2021-06-22,68320.19754167
2021-06-23,68117.30266667
2021-06-24,67106.30633334
2021-06-25,67447.189875
2021-06-26,63357.80491667
2021-06-27,57980.464416669995
2021-06-28,66004.24491667
2021-06-29,66372.30387500001
2021-06-30,65636.35508334
2021-07-01,65232.66308333
2021-07-02,65427.607
2021-07-03,60614.42583333
2021-07-04,55809.96470833
2021-07-05,64668.936583329996
2021-07-06,66544.00854167
2021-07-07,66774.75166667
2021-07-08,66978.12920833999
2021-07-09,65687.56358334
2021-07-10,62219.23704167
2021-07-11,57188.8645
2021-07-12,66169.89333332
2021-07-13,68044.90404167
2021-07-14,68513.08145833001
2021-07-15,69139.72679166
2021-07-16,69074.92870834
2021-07-17,64309.6195
2021-07-18,58467.381083329994
2021-07-19,66482.430625
2021-07-20,67175.15958333001
2021-07-21,67024.22141666
2021-07-22,67613.09129166
2021-07-23,67337.07258334
2021-07-24,62559.84004167
2021-07-25,57371.95233333
2021-07-26,66696.74583333
2021-07-27,68884.33
2021-07-28,68840.236875
2021-07-29,67586.92766665999
2021-07-30,66953.14679167
2021-07-31,62275.47458334
2021-08-01,57080.74879167
2021-08-02,65320.97037501
2021-08-03,67245.15062499
2021-08-04,67784.575125
2021-08-05,67737.42775
2021-08-06,67806.79308334
2021-08-07,63208.71570833
2021-08-08,57143.70383333
2021-08-09,66896.00720833
2021-08-10,69322.57345834
2021-08-11,69135.01683333001
2021-08-12,69177.020375
2021-08-13,68665.59575000001
2021-08-14,63637.36091666
2021-08-15,58586.23925
2021-08-16,68073.58908334
2021-08-17,69996.99670833
2021-08-18,71270.85191666
2021-08-19,71561.71666666001
2021-08-20,71578.05966667
2021-08-21,66243.85495833
2021-08-22,60903.476083329995
2021-08-23,70976.79958333001
2021-08-24,73370.621375
2021-08-25,73698.40083333
2021-08-26,73775.77387501
2021-08-27,71641.24004167
2021-08-28,66184.988
2021-08-29,60339.64866666999
2021-08-30,68773.58070833
2021-08-31,69733.803
2021-09-01,69679.63691668
2021-09-02,70342.86404167001
2021-09-03,71418.02479165999
2021-09-04,65972.65800001001
2021-09-05,60031.05575
2021-09-06,66980.28220833
2021-09-07,66160.75866666
2021-09-08,73389.93637499999
2021-09-09,73089.49154166001
2021-09-10,72094.21658333999
2021-09-11,66896.83116666
2021-09-12,61764.206125009994
2021-09-13,73670.42925
2021-09-14,75265.824
2021-09-15,74103.73525
2021-09-16,72619.74312500001
2021-09-17,71829.325375
2021-09-18,66379.61545833
2021-09-19,62183.612958330006
2021-09-20,73457.36795834001
2021-09-21,76007.13287500001
2021-09-22,72494.64862501
2021-09-23,71322.60008333
2021-09-24,71360.15925
2021-09-25,66719.85637498999
2021-09-26,61442.78083333
2021-09-27,71645.953625
2021-09-28,74881.57833332999
2021-09-29,75385.51283333001
2021-09-30,74820.73295833
2021-10-01,72309.12173459999
2021-10-02,66503.80677729
2021-10-03,61148.24241547
2021-10-04,70672.25848039001
2021-10-05,71266.51702097
2021-10-06,72400.09815552
2021-10-07,71774.67412417001
2021-10-08,70437.55814375001
2021-10-09,64759.86789923
2021-10-10,58091.15538276
2021-10-11,63970.211676290004
2021-10-12,60295.07657954001
2021-10-13,68650.99819802999
2021-10-14,70780.06385679
2021-10-15,71886.62118468
2021-10-16,65951.90674606
2021-10-17,58395.61828519
2021-10-18,66765.38057595
2021-10-19,67767.64896339999
2021-10-20,67147.13615449
2021-10-21,67032.03271623
2021-10-22,68039.97871185
2021-10-23,64762.50167461
2021-10-24,59283.45566708
2021-10-25,68030.36358263
2021-10-26,70530.19282441
2021-10-27,71544.21977552
2021-10-28,71922.86042838
2021-10-29,71570.40003898
2021-10-30,65754.80002096
2021-10-31,59533.58366689
2021-11-01,66669.72758333001
2021-11-02,63398.093416669995
2021-11-03,71623.385125
2021-11-04,73214.894625
2021-11-05,73927.03433332
2021-11-06,68321.54766667
2021-11-07,62168.22191666
2021-11-08,72166.71816667
2021-11-09,73305.61520833001
2021-11-10,73105.997125
2021-11-11,72126.472625
2021-11-12,71124.62720833
2021-11-13,64496.32454167
2021-11-14,58892.79016666
2021-11-15,62381.39654167
2021-11-16,72165.25454165999
2021-11-17,74672.63162500001
2021-11-18,74375.52841668
2021-11-19,73129.88995834
2021-11-20,65419.99470833001
2021-11-21,59810.63808333
2021-11-22,71605.87441667
2021-11-23,74813.16841666
2021-11-24,75880.15470833
2021-11-25,77150.41216666
2021-11-26,76103.78279165999
2021-11-27,69752.13020833
2021-11-28,64208.90354167
2021-11-29,75730.13570833
2021-11-30,76630.58454166
2021-12-01,75774.47195834
2021-12-02,75481.458375
2021-12-03,74421.91904167
2021-12-04,68511.65575
2021-12-05,63055.18704166
2021-12-06,72952.76816666
2021-12-07,72330.42754167001
2021-12-08,70984.83170834
2021-12-09,72098.48349999
2021-12-10,72954.92625
2021-12-11,68910.931625
2021-12-12,64770.29341667
2021-12-13,75328.01275
2021-12-14,76035.20204166
2021-12-15,75989.066125
2021-12-16,76281.21908334
2021-12-17,75433.75608334
2021-12-18,68515.75666665999
2021-12-19,62099.19029166
2021-12-20,71332.82595832
2021-12-21,73741.12425
2021-12-22,74500.92366666
2021-12-23,71423.36458333
2021-12-24,63607.346750000004
2021-12-25,56347.038958339996
2021-12-26,60106.85737499999
2021-12-27,69066.14550001
2021-12-28,69954.77070834
2021-12-29,69973.73179167
2021-12-30,68351.36660417
2021-12-31,62171.27045832999
2022-01-01,56490.1425
2022-01-02,60376.41254168
2022-01-03,70892.91033334
2022-01-04,73300.56866667
2022-01-05,73469.10433333
2022-01-06,73056.98175000999
2022-01-07,71344.58695833999
2022-01-08,65336.28475
2022-01-09,59775.91529166
2022-01-10,69484.84683334001
2022-01-11,71830.19874999
2022-01-12,73012.22504166
2022-01-13,74026.73708333
2022-01-14,74800.489125
2022-01-15,70179.97275
2022-01-16,64729.04141667
2022-01-17,74726.26041667
2022-01-18,77059.70704166
2022-01-19,77782.79550000001
2022-01-20,78493.72808333
2022-01-21,79338.42504167
2022-01-22,73534.73770834
2022-01-23,68627.504
2022-01-24,79530.15591667
2022-01-25,80438.15174999999
2022-01-26,79923.71804167
2022-01-27,78460.45579167
2022-01-28,75782.59441667
2022-01-29,68042.94883333001
2022-01-30,61534.673416670004
2022-01-31,72316.54504167
2022-02-01,74757.2325
2022-02-02,75765.63095834
2022-02-03,76342.50516666999
2022-02-04,76629.07358334001
2022-02-05,71240.849625
2022-02-06,64653.099749990004
2022-02-07,73992.43233333
2022-02-08,74291.61104168
2022-02-09,74043.08854167
2022-02-10,74507.87108334
2022-02-11,75317.92770833001
2022-02-12,70154.77416666
2022-02-13,64308.972083340006
2022-02-14,76020.32570834
2022-02-15,77493.91458334
2022-02-16,77497.876
2022-02-17,76839.37316667
2022-02-18,75422.64775
2022-02-19,68749.26912499999
2022-02-20,64090.01087500001
2022-02-21,75639.27708333
2022-02-22,77983.696875
2022-02-23,78545.66562501
2022-02-24,78727.53987499
2022-02-25,79099.89149999
2022-02-26,72386.39554166
2022-02-27,66769.07583332
2022-02-28,74093.57895833999
2022-03-01,73478.15966666999
2022-03-02,77930.25087499
2022-03-03,79762.00804166
2022-03-04,79172.93620833001
2022-03-05,72605.91770833
2022-03-06,66810.17841667
2022-03-07,78078.94983334
2022-03-08,79948.68787499
2022-03-09,80363.26229166999
2022-03-10,80427.19333334
2022-03-11,79068.44020834
2022-03-12,71576.04625001
2022-03-13,65066.10566667
2022-03-14,75388.47845833999
2022-03-15,76547.10991667
2022-03-16,76644.58112499
2022-03-17,77631.74333333
2022-03-18,79161.79162499
2022-03-19,71067.13933332
2022-03-20,63015.74470833
2022-03-21,71226.47025
2022-03-22,72210.216375
2022-03-23,74124.335375
2022-03-24,75200.83475000001
2022-03-25,74881.98283333
2022-03-26,69123.42704166999
2022-03-27,63191.657375
2022-03-28,73494.85054166999
2022-03-29,74976.32545834
2022-03-30,75987.54241667
2022-03-31,74431.56070833
2022-04-01,71835.63716667
2022-04-02,65783.54066666
2022-04-03,61057.17420832
2022-04-04,72965.63970833
2022-04-05,74262.87049999999
2022-04-06,74155.93645833
2022-04-07,74051.09849999001
2022-04-08,74286.92704168
2022-04-09,68738.681375
2022-04-10,63051.88466666
2022-04-11,73616.216375
2022-04-12,74840.19779166
2022-04-13,75165.484
2022-04-14,72498.756125
2022-04-15,59704.56425
2022-04-16,59954.49304167
2022-04-17,56496.888
2022-04-18,67451.87675
2022-04-19,69552.107875
2022-04-20,70157.86654167
2022-04-21,66683.87516666
2022-04-22,69352.75275001
2022-04-23,65450.97254166
2022-04-24,60548.25041667
2022-04-25,71522.14479168001
2022-04-26,73956.49824999
2022-04-27,74775.36570833999
2022-04-28,75031.65354166
2022-04-29,73582.26208333
2022-04-30,66463.84345833
2022-05-01,59372.081999999995
2022-05-02,70714.79504167
2022-05-03,72878.54954166
2022-05-04,71796.34570834
2022-05-05,69887.65975001
2022-05-06,68807.61345833
2022-05-07,62903.54241666
2022-05-08,56736.33820833
2022-05-09,67301.77112501
2022-05-10,69520.04512279
2022-05-11,70289.26578823
2022-05-12,69614.47846462
2022-05-13,69279.42214539999
2022-05-14,64629.90112063
2022-05-15,60436.89845608
2022-05-16,69095.91875001
2022-05-17,69133.29337500001
2022-05-18,67511.730625
2022-05-19,66388.43400000001
2022-05-20,66122.21220832999
2022-05-21,61375.92091666
2022-05-22,56245.773
2022-05-23,65503.5153125
2022-05-24,67711.60220833
2022-05-25,68101.38745832999
2022-05-26,68925.72125
2022-05-27,69380.28108333
2022-05-28,64086.57370833
2022-05-29,58421.71425
2022-05-30,68118.76158334
2022-05-31,69910.83012500001
2022-06-01,69691.82566666999
2022-06-02,70485.36425001
2022-06-03,69237.38232806
2022-06-04,62780.069375
2022-06-05,56718.063166659995
2022-06-06,66038.69887498999
2022-06-07,68137.1059195
2022-06-08,68938.21258334
2022-06-09,69129.00870968
2022-06-10,68750.38187501
2022-06-11,63308.89758334
2022-06-12,56793.00604167
2022-06-13,65015.80745833
2022-06-14,66461.02991993
2022-06-15,66775.61308334
2022-06-16,62084.16175
2022-06-17,65108.858210700004
2022-06-18,61917.09342069
2022-06-19,57088.09932896
2022-06-20,66244.67012969
2022-06-21,68041.19495685
2022-06-22,68005.7464188
2022-06-23,67923.86103611
2022-06-24,66915.76549440999
2022-06-25,62216.29133333
2022-06-26,56530.03408017
2022-06-27,64647.17488433
2022-06-28,66060.784375
2022-06-29,66424.75932977
2022-06-30,66857.77120446
2022-07-01,67032.66621328
2022-07-02,62340.08921415
2022-07-03,56954.06500915
2022-07-04,65790.0122217
2022-07-05,67360.77628952
2022-07-06,67858.34370563
2022-07-07,68491.21834538999
2022-07-08,68460.36000233
2022-07-09,62465.23475001
2022-07-10,57631.33333599
2022-07-11,66876.88232621
2022-07-12,69428.55338857
2022-07-13,69363.84575313999
2022-07-14,69631.50112845999
2022-07-15,69327.40222019
2022-07-16,64308.8332146
2022-07-17,58420.47845274
2022-07-18,67557.08391667
2022-07-19,69588.60870043
2022-07-20,69104.25816667
2022-07-21,68994.87096435
2022-07-22,68792.31933068001
2022-07-23,63729.1375416
2022-07-24,58009.79191666
2022-07-25,67269.75212412
2022-07-26,69241.826832
2022-07-27,69816.54795833
2022-07-28,69927.29312306
2022-07-29,69219.29025295001
2022-07-30,63004.93087492
2022-07-31,57803.467092399995
2022-08-01,67648.35745834
2022-08-02,70041.21691898
2022-08-03,70638.62041666001
2022-08-04,70919.86404218
2022-08-05,70514.80133333
2022-08-06,64987.87791666
2022-08-07,59305.40354166
2022-08-08,67863.77175001
2022-08-09,70925.41058318
2022-08-10,69558.29686787
2022-08-11,67536.20066257
2022-08-12,66725.3172938
2022-08-13,62216.19808334
2022-08-14,56132.005456240004
2022-08-15,65807.38816545
2022-08-16,69158.64004167
2022-08-17,69668.19170833
2022-08-18,70607.67721969
2022-08-19,68111.05683165
2022-08-20,61649.88921793
2022-08-21,56062.09095518
2022-08-22,65371.818288480004
2022-08-23,67215.49695896
2022-08-24,68072.43062735
2022-08-25,68477.11353925
2022-08-26,69337.46900655
2022-08-27,64482.95750173
2022-08-28,59479.86858334
2022-08-29,67286.777125
2022-08-30,67891.87654167
2022-08-31,67599.68337501
2022-09-01,67412.87012944
2022-09-02,68659.70625469001
2022-09-03,63302.17637503
2022-09-04,57544.666916660004
2022-09-05,66983.09637762001
2022-09-06,69266.49312748
2022-09-07,63757.797255000005
2022-09-08,69062.75617279
2022-09-09,69854.21145802
2022-09-10,65611.35808793
2022-09-11,59349.50286284
2022-09-12,69357.11116114
2022-09-13,71167.13683271
2022-09-14,71982.39099163
2022-09-15,70909.40892640999
2022-09-16,69411.96254579
2022-09-17,62813.286208389996
2022-09-18,56838.297834280005
2022-09-19,67429.85229779
2022-09-20,69798.92792057
2022-09-21,71900.00887751
2022-09-22,72419.72230115
2022-09-23,69786.28746214
2022-09-24,62922.736505659996
2022-09-25,57841.64171101
2022-09-26,68372.89204189
2022-09-27,71227.79491694
2022-09-28,71612.42083234
2022-09-29,70149.03871061999
2022-09-30,69231.26137339999
2022-10-01,63537.00387499
2022-10-02,57668.50041667
2022-10-03,67545.83825
2022-10-04,69527.13099999
2022-10-05,69794.05416667
2022-10-06,72232.05108333
2022-10-07,71546.05583333
2022-10-08,65002.690125
2022-10-09,59836.040375
2022-10-10,69383.56083333
2022-10-11,71850.00716667
2022-10-12,63868.15770833
2022-10-13,70919.36029166
2022-10-14,72010.97641666999
2022-10-15,65540.41266667
2022-10-16,59757.926166670004
2022-10-17,70162.81024999
2022-10-18,72894.443375
2022-10-19,73108.61816667
2022-10-20,73919.89416667
2022-10-21,73886.33854167
2022-10-22,67024.10000001
2022-10-23,60213.417543179996
2022-10-24,69849.93795834
2022-10-25,70996.02262501
2022-10-26,72140.72004166001
2022-10-27,74020.17279167
2022-10-28,73900.18000001
2022-10-29,69190.47870834
2022-10-30,63803.62083333
2022-10-31,73796.246625
2022-11-01,70622.83899999999
2022-11-02,60710.78470833
2022-11-03,65522.459875
2022-11-04,66308.58979167
2022-11-05,61442.817875
2022-11-06,56823.81879167
2022-11-07,66651.55070834
2022-11-08,68776.95895833001
2022-11-09,69937.27683332001
2022-11-10,71719.7685
2022-11-11,72727.2675
2022-11-12,66461.446125
2022-11-13,61207.728833329995
2022-11-14,69398.65545833
2022-11-15,66092.38162500001
2022-11-16,71426.06012501
2022-11-17,71859.79858334
2022-11-18,72114.96233334
2022-11-19,66392.90954167
2022-11-20,61651.858208339996
2022-11-21,73707.671375
2022-11-22,74967.36333334
2022-11-23,74862.87254167
2022-11-24,71645.03791666
2022-11-25,72061.64766665999
2022-11-26,66668.18962499
2022-11-27,61558.49
2022-11-28,69737.73795832999
2022-11-29,72983.28966667
2022-11-30,72967.08845832999
2022-12-01,73493.89395833999
2022-12-02,72503.29841667
2022-12-03,68410.610625
2022-12-04,62259.49191666
2022-12-05,70557.98820833
2022-12-06,73534.90529165999
2022-12-07,74783.69041667
2022-12-08,74411.15641666
2022-12-09,73939.54237499999
2022-12-10,70182.19120833
2022-12-11,65634.61074999999
2022-12-12,77042.278375
2022-12-13,74688.83433333
2022-12-14,72332.96475
2022-12-15,72932.60995833
2022-12-16,72972.23345833
2022-12-17,66215.17741666999
2022-12-18,60999.09508333
2022-12-19,68875.0225
2022-12-20,68993.71041666
2022-12-21,68076.61633333
2022-12-22,67251.49175
2022-12-23,66117.65320833
2022-12-24,60826.06545833
2022-12-25,55381.9265
2022-12-26,64837.27054166
2022-12-27,67468.47841667
2022-12-28,67361.84116667
2022-12-29,66510.93254166
2022-12-30,65330.95837499
2022-12-31,60862.68429167
2023-01-01,56341.49383333
2023-01-02,66878.87291666
2023-01-03,70158.63079166
2023-01-04,70184.75299999
2023-01-05,68949.60645833
2023-01-06,67827.48787499001
2023-01-07,62711.90208333
2023-01-08,58852.66233333
2023-01-09,68586.939875
2023-01-10,71054.08345833
2023-01-11,72841.21608333
2023-01-12,74635.53195834
2023-01-13,75029.89349999
2023-01-14,68762.67587501
2023-01-15,63641.475958330004
2023-01-16,75133.07174998999
2023-01-17,76676.17379166
2023-01-18,76089.01945833
2023-01-19,75657.16895834
2023-01-20,74399.81137501
2023-01-21,68355.07391666
2023-01-22,62989.82479166
2023-01-23,75120.32500000001
2023-01-24,75983.21120834
2023-01-25,76477.11083332999
2023-01-26,76723.38274999999
2023-01-27,76863.29812499
2023-01-28,70885.26604166
2023-01-29,64377.62037499
2023-01-30,74863.85933333
2023-01-31,76927.13845833001
2023-02-01,77515.42041667001
2023-02-02,78273.07129167
2023-02-03,77482.13441666
2023-02-04,70282.69654166
2023-02-05,65149.53291668
2023-02-06,76517.71025
2023-02-07,77420.796375
2023-02-08,77592.30999999
2023-02-09,78718.66720833
2023-02-10,78914.68529166
2023-02-11,71491.15533334
2023-02-12,65780.38425001
2023-02-13,77959.790625
2023-02-14,80196.045875
2023-02-15,79920.60516666001
2023-02-16,79446.04479166
2023-02-17,78056.06391666
2023-02-18,67895.92900001
2023-02-19,60877.474
2023-02-20,67139.79070834
2023-02-21,67099.87133333
2023-02-22,72502.301
2023-02-23,75952.45450001
2023-02-24,75519.495375
2023-02-25,69823.11037499
2023-02-26,65273.847875
2023-02-27,76663.80966666
2023-02-28,77614.44570834
2023-03-01,77117.82066712
2023-03-02,78178.20425111
2023-03-03,78779.23008399
2023-03-04,71907.89604313
2023-03-05,65367.9769575
2023-03-06,75899.77470786001
2023-03-07,77466.89179231
2023-03-08,78061.918
2023-03-09,78895.28862317
2023-03-10,78155.84400054
2023-03-11,70873.55529144
2023-03-12,64370.09229037
2023-03-13,75536.05374724
2023-03-14,76653.1728735
2023-03-15,76554.84833131
2023-03-16,76374.90562440001
2023-03-17,76239.39475
2023-03-18,70191.92491717
2023-03-19,64589.52804036
2023-03-20,77020.07608724
2023-03-21,78197.10212499
2023-03-22,77811.96133306
2023-03-23,77879.96520833
2023-03-24,78583.83787173001
2023-03-25,71455.34395832999
2023-03-26,65381.475750009995
2023-03-27,75487.05492
2023-03-28,75916.17141730001
2023-03-29,77747.09445618
2023-03-30,77168.6958327
2023-03-31,76457.63499946
2023-04-01,69207.90845833
2023-04-02,62514.51279167
2023-04-03,72745.16416064001
2023-04-04,75233.529625
2023-04-05,75339.083625
2023-04-06,73869.56133334
2023-04-07,62688.499749999995
2023-04-08,63815.9165
2023-04-09,59760.72408333
2023-04-10,70347.60937498999
2023-04-11,72228.44154167
2023-04-12,73999.11291667
2023-04-13,74958.38079165999
2023-04-14,74820.22970833999
2023-04-15,68168.601375
2023-04-16,61866.37304649
2023-04-17,72518.96058333
2023-04-18,74593.683625
2023-04-19,73525.04666667001
2023-04-20,71213.39208334
2023-04-21,62000.60729167
2023-04-22,61544.95791666
2023-04-23,57975.78370833
2023-04-24,68575.07858334
2023-04-25,71129.81133333
2023-04-26,72620.84429166
2023-04-27,73880.70729166
2023-04-28,72888.82083333
2023-04-29,68158.49120833
2023-04-30,62116.459458330006
2023-05-01,62227.44425
2023-05-02,73025.34491667
2023-05-03,74393.37654167
2023-05-04,74914.441375
2023-05-05,75326.75870833
2023-05-06,69043.0787066
2023-05-07,63149.516041660005
2023-05-08,73715.38699999
2023-05-09,74996.25558333
2023-05-10,74683.62262499999
2023-05-11,73965.12312127001
2023-05-12,74119.81899999999
2023-05-13,67367.53474999
2023-05-14,60439.236625
2023-05-15,71145.87349926
2023-05-16,72732.13375000001
2023-05-17,72647.76475001
2023-05-18,72746.44958333
2023-05-19,72469.46128923999
2023-05-20,67122.06529233
2023-05-21,61369.54820776
2023-05-22,71779.04166473
2023-05-23,73463.21866722
2023-05-24,73558.88566662
2023-05-25,74195.32912425
2023-05-26,74252.04870829
2023-05-27,69333.3409582
2023-05-28,63033.32212164
2023-05-29,72723.32545768
2023-05-30,73942.43391677001
2023-05-31,74255.89445653
2023-06-01,73906.04454204
2023-06-02,73047.80058334
2023-06-03,67070.772
2023-06-04,60956.11166667
2023-06-05,70779.698
2023-06-06,71838.64883219
2023-06-07,71865.607875
2023-06-08,66508.72195833
2023-06-09,68443.3695
2023-06-10,65817.99908333
2023-06-11,61824.89483333001
2023-06-12,71991.83366668
2023-06-13,73447.63491666
2023-06-14,72870.49058333
2023-06-15,73159.15870833001
2023-06-16,72568.53341666999
2023-06-17,66542.00079166
2023-06-18,59440.74483333
2023-06-19,68956.80033334001
2023-06-20,70478.32116666
2023-06-21,71112.31283333
2023-06-22,71429.23729168001
2023-06-23,70752.94837500999
2023-06-24,64294.716624990004
2023-06-25,59766.447666659995
2023-06-26,69031.86970834
2023-06-27,71013.48616666
2023-06-28,71802.28183333
2023-06-29,71036.02316667
2023-06-30,71309.32183334
2023-07-01,65562.18145834
2023-07-02,59965.2945
2023-07-03,68773.04417054
2023-07-04,70508.44867347
2023-07-05,70698.026125
2023-07-06,70533.17099999
2023-07-07,71151.68470833
2023-07-08,65982.409875
2023-07-09,60926.33291666
2023-07-10,70511.97379167
2023-07-11,72657.305125
2023-07-12,73828.59533333
2023-07-13,72809.15041668
2023-07-14,71075.75733333
2023-07-15,64589.281375009996
2023-07-16,59574.22774999001
2023-07-17,70644.09592853
2023-07-18,72523.92729167
2023-07-19,72313.81020834
2023-07-20,71783.40075001
2023-07-21,71199.63991667
2023-07-22,65644.23570833
2023-07-23,60418.07408333
2023-07-24,70875.37149999
2023-07-25,72679.09062500001
2023-07-26,73406.57225
2023-07-27,73763.73491666
2023-07-28,73672.32504165999
2023-07-29,67428.03183333
2023-07-30,61176.45241666
2023-07-31,71487.31049999999
2023-08-01,73323.07891667
2023-08-02,73772.04695833
2023-08-03,74438.96329166999
2023-08-04,74459.95008333001
2023-08-05,68346.01720833
2023-08-06,63237.07341666
2023-08-07,74340.749875
2023-08-08,75470.83041666
2023-08-09,75062.03579166
2023-08-10,75122.92258333
2023-08-11,75131.570375
2023-08-12,69060.29266667
2023-08-13,61669.23575
2023-08-14,71360.31025000001
2023-08-15,70276.38229115
2023-08-16,73519.66854166
2023-08-17,74414.83595833
2023-08-18,75363.95183333001
2023-08-19,68832.20833333
2023-08-20,63127.53545833
2023-08-21,73306.36675
2023-08-22,76075.17441667
2023-08-23,78851.99204166999
2023-08-24,80122.13470833
2023-08-25,78740.61716667001
2023-08-26,70795.21645834
2023-08-27,63655.787000009994
2023-08-28,72343.766125
2023-08-29,74095.40762499999
2023-08-30,74655.78516666
2023-08-31,74487.99475
2023-09-01,74404.41008334
2023-09-02,69915.74941667
2023-09-03,65105.86225
2023-09-04,77392.76066667
2023-09-05,77744.72520833
2023-09-06,74892.35779166
2023-09-07,67910.70133332
2023-09-08,70661.09174999999
2023-09-09,67575.20808332
2023-09-10,63133.909875000005
2023-09-11,74600.538625
2023-09-12,77787.88566666
2023-09-13,79099.73145833
2023-09-14,77599.27566666
2023-09-15,74847.62845833
2023-09-16,69696.92749999999
2023-09-17,66618.08812500001
2023-09-18,79146.58225
2023-09-19,81156.58404167
2023-09-20,80522.47258334
2023-09-21,81581.69099999999
2023-09-22,82352.49383334
2023-09-23,76590.604625
2023-09-24,72545.05920833
2023-09-25,84555.19729166999
2023-09-26,86732.45470833
2023-09-27,86462.73083333
2023-09-28,79963.73208333
2023-09-29,78013.514875
2023-09-30,72848.01808333001
2023-10-01,67185.14379167
2023-10-02,77120.34120833
2023-10-03,79175.83716688
2023-10-04,80476.92933261
2023-10-05,81023.39529305999
2023-10-06,81865.04754073
2023-10-07,76424.96383333
2023-10-08,69278.49629166
2023-10-09,78873.07966667
2023-10-10,79451.73279167
2023-10-11,80619.49683332999
2023-10-12,73753.18875
2023-10-13,76181.43520833
2023-10-14,69583.839875
2023-10-15,65180.625416660005
2023-10-16,78957.653375
2023-10-17,81035.11279166999
2023-10-18,80604.58508334
2023-10-19,79934.909125
2023-10-20,79054.55716667
2023-10-21,73064.12033333
2023-10-22,67588.66287500001
2023-10-23,79989.220875
2023-10-24,83468.01945834
2023-10-25,82493.87416667
2023-10-26,81070.16341667
2023-10-27,80155.78491665999
2023-10-28,74918.02795834
2023-10-29,70721.50008333
2023-10-30,82508.16058841
2023-10-31,83093.23029166
2023-11-01,80591.129875
2023-11-02,72383.91070832999
2023-11-03,76557.61974999
2023-11-04,70321.78495833
2023-11-05,65427.97833333
2023-11-06,76209.714
2023-11-07,78875.80266667
2023-11-08,81587.082375
2023-11-09,84195.38625000001
2023-11-10,84895.73029167
2023-11-11,80710.11633333
2023-11-12,76228.44087499
2023-11-13,89111.65883333
2023-11-14,90002.49945833
2023-11-15,83329.40154167
2023-11-16,90191.38016667
2023-11-17,90754.553
2023-11-18,83446.615
2023-11-19,74852.00241667
2023-11-20,78322.05454166999
2023-11-21,83923.54304167
2023-11-22,86699.54354167
2023-11-23,85588.05895833
2023-11-24,82294.95954166999
2023-11-25,73864.4235
2023-11-26,67594.59608333
2023-11-27,79881.35870833
2023-11-28,82361.85775001001
2023-11-29,83640.44279166
2023-11-30,85930.22566666
2023-12-01,86855.34087499001
2023-12-02,80545.22791667
2023-12-03,74317.66429167
2023-12-04,84703.27758333
2023-12-05,83809.00137499999
2023-12-06,85895.10958334
2023-12-07,87940.69019760001
2023-12-08,84932.6355
2023-12-09,76508.14958333
2023-12-10,69319.83879166
2023-12-11,80278.97020832999
2023-12-12,82487.64133333
2023-12-13,84091.63162500999
2023-12-14,87827.37616667
2023-12-15,88997.13129166
2023-12-16,83894.35229166
2023-12-17,78207.18945834
2023-12-18,89221.55391667
2023-12-19,87761.87087501
2023-12-20,84474.39233333
2023-12-21,83055.99220832999
2023-12-22,82843.65445833
2023-12-23,75317.42970832999
2023-12-24,70539.754375
2023-12-25,67533.5085
2023-12-26,77897.50091667
2023-12-27,77751.67945834
2023-12-28,79389.01774999
2023-12-29,80792.630875
2023-12-30,74789.122625
2023-12-31,67751.16591667
2024-01-01,63753.516124999995
2024-01-02,74100.92920833
2024-01-03,77972.28033333
2024-01-04,78204.987
2024-01-05,78352.90224999
2024-01-06,74671.59929166999
2024-01-07,71423.44787499
2024-01-08,84113.27316667
2024-01-09,86281.50395834
2024-01-10,86790.87104167
2024-01-11,86331.31395832999
2024-01-12,84122.40054167
2024-01-13,76436.85458332999
2024-01-14,70525.01308333
2024-01-15,83920.14683333
2024-01-16,88151.869875
2024-01-17,88506.21645833
2024-01-18,88810.72758333
2024-01-19,88246.17533331999
2024-01-20,80387.51491667
2024-01-21,72556.41979166999
2024-01-22,82121.17925
2024-01-23,80238.75850001001
2024-01-24,78295.33045834
2024-01-25,78399.46091666
2024-01-26,78005.71804166
2024-01-27,72977.22825
2024-01-28,68138.57516666
2024-01-29,80050.66229166
2024-01-30,84699.142875
2024-01-31,85461.37174999001
2024-02-01,83837.51370832
2024-02-02,83166.89695834
2024-02-03,77454.42895833
2024-02-04,73068.08587499999
2024-02-05,85092.33012499
2024-02-06,88021.07625
2024-02-07,89406.76183334
2024-02-08,89449.85329166
2024-02-09,89026.04745833
2024-02-10,80476.57166668
2024-02-11,74376.29850001
2024-02-12,81433.65179167
2024-02-13,81777.495
2024-02-14,84481.11929166
2024-02-15,84097.06395832999
2024-02-16,82390.36141667
2024-02-17,77087.54954167
2024-02-18,71845.0055
2024-02-19,82865.91841666
2024-02-20,82954.257375
2024-02-21,82233.65725001
2024-02-22,83385.124
2024-02-23,85502.10524999001
2024-02-24,79923.28212499
2024-02-25,74251.065375
2024-02-26,85401.22325
2024-02-27,87534.86879167
2024-02-28,89490.10779167
2024-02-29,90199.92079167
2024-03-01,89521.80199999
2024-03-02,80788.79483334
2024-03-03,74740.93345834
2024-03-04,86255.153875
2024-03-05,86332.42233334
2024-03-06,84996.94729166
2024-03-07,85419.13912501
2024-03-08,85890.16366667
2024-03-09,79958.88004167
2024-03-10,74519.19079167
2024-03-11,85828.66129167
2024-03-12,87559.73229166999
2024-03-13,88760.94454167
2024-03-14,90568.23787501
2024-03-15,91359.72570832999
2024-03-16,84734.83712499999
2024-03-17,78386.13345834
2024-03-18,89772.54441666
2024-03-19,90726.46462499
2024-03-20,91003.052375
2024-03-21,89307.93329166
2024-03-22,84442.26883333
2024-03-23,74067.64791666
2024-03-24,67347.3685
2024-03-25,79956.81054166
2024-03-26,81840.03820833
2024-03-27,80955.09266668
2024-03-28,79807.14366667
2024-03-29,69987.54041667
2024-03-30,72726.47729167
2024-03-31,69926.04012499
2024-04-01,82371.46625001001
2024-04-02,84903.01504167
2024-04-03,85121.71083334001
2024-04-04,85503.46383333
2024-04-05,84140.00883333001
2024-04-06,76494.105625
2024-04-07,70240.57874999
2024-04-08,81958.45366666
2024-04-09,83861.14537499
2024-04-10,84487.749625
2024-04-11,84175.11854167
2024-04-12,82588.15275
2024-04-13,75812.45220833
2024-04-14,69434.32541667
2024-04-15,80621.26029167
2024-04-16,83226.97924998999
2024-04-17,81803.915875
2024-04-18,78986.11920834
2024-04-19,77484.35516667
2024-04-20,71428.49054167
2024-04-21,65423.24433333999
2024-04-22,77957.08179167
2024-04-23,80901.68341667
2024-04-24,82263.16329166
2024-04-25,82154.104375
2024-04-26,81973.86550001
2024-04-27,77379.439625
2024-04-28,71994.51362499999
2024-04-29,83111.06541667
2024-04-30,84273.35595834
2024-05-01,75951.23524999
2024-05-02,84261.68045833
2024-05-03,83234.166
2024-05-04,76196.68887501
2024-05-05,70624.14708333
2024-05-06,81352.3065
2024-05-07,83655.53441666
2024-05-08,84353.38408333
2024-05-09,83833.98737501001
2024-05-10,82791.14291667001
2024-05-11,76303.49650001
2024-05-12,69560.09720833
2024-05-13,81760.70054167
2024-05-14,81507.18795833
2024-05-15,79443.91820834
2024-05-16,79973.02429167001
2024-05-17,80692.62520832999
2024-05-18,74745.634625
2024-05-19,68330.25629166
2024-05-20,77873.33408333
2024-05-21,78699.40574999
2024-05-22,79700.97095833
2024-05-23,80477.09791666
2024-05-24,79535.03566666
2024-05-25,72585.82920833
2024-05-26,65953.55545833
2024-05-27,75353.65650000001
2024-05-28,76195.85783333
2024-05-29,74906.53704167
2024-05-30,68498.96991665999
2024-05-31,70553.98004167
2024-06-01,66798.73445833
2024-06-02,62934.568291660005
2024-06-03,74582.58116667
2024-06-04,76546.40670833
2024-06-05,76521.38483333
2024-06-06,76619.14541666
2024-06-07,76780.98875
2024-06-08,71116.57554166
2024-06-09,65407.91558334
2024-06-10,75994.32495833
2024-06-11,77897.57520833
2024-06-12,77765.00562499
2024-06-13,76935.34729167001
2024-06-14,77186.76908333
2024-06-15,71996.64016666
2024-06-16,65755.48370832001
2024-06-17,75948.74141667
2024-06-18,77058.01666667001
2024-06-19,77498.87583333
2024-06-20,77629.12733332001
2024-06-21,76634.49066667
2024-06-22,71481.78416666
2024-06-23,66251.20658333
2024-06-24,76091.28904167
2024-06-25,78489.79920834
2024-06-26,78886.67945833
2024-06-27,77754.48237499999
2024-06-28,77769.75704167
2024-06-29,71665.04824999999
2024-06-30,64662.062750000005
2024-07-01,74003.56183333001
2024-07-02,75461.852
2024-07-03,76643.32200001
2024-07-04,77574.84291667
2024-07-05,77764.60883334
2024-07-06,71574.55712499999
2024-07-07,65695.37041666999
2024-07-08,74815.10033334
2024-07-09,75803.00145832999
2024-07-10,78237.13029167
2024-07-11,78350.43887499999
2024-07-12,77744.79770833999
2024-07-13,70646.008875
2024-07-14,64134.01445833
2024-07-15,73348.45120833
2024-07-16,74833.8735
2024-07-17,75517.37995833
2024-07-18,75664.92604167
2024-07-19,75542.37662498999
2024-07-20,69738.94433334
2024-07-21,63499.6705
2024-07-22,74026.966
2024-07-23,75857.40508333
2024-07-24,75892.56200001
2024-07-25,76350.36220833
2024-07-26,76365.54820834
2024-07-27,71924.56270832999
2024-07-28,66264.73012498999
2024-07-29,77415.85583332999
2024-07-30,78015.07995833
2024-07-31,77696.870375
2024-08-01,77591.30724999
2024-08-02,77259.05825
2024-08-03,71931.70979166
2024-08-04,66774.20370833
2024-08-05,76991.37458334
2024-08-06,79107.13945834
2024-08-07,80048.33670833
2024-08-08,80716.30458333
2024-08-09,79456.39979165999
2024-08-10,71152.05695833
2024-08-11,63278.719791669995
2024-08-12,74029.79075
2024-08-13,75848.91679167
2024-08-14,76420.46441668
2024-08-15,77187.86170834
2024-08-16,78141.70033333
2024-08-17,73487.63658333
2024-08-18,67925.99316667
2024-08-19,79886.57045833001
2024-08-20,81402.88941666
2024-08-21,81577.58766666
2024-08-22,82454.48775
2024-08-23,82590.66891667
2024-08-24,75525.98991666001
2024-08-25,67949.847125
2024-08-26,75244.60679167
2024-08-27,76266.26408333
2024-08-28,77158.47666667
2024-08-29,77669.41316667
2024-08-30,78341.40033333
2024-08-31,72988.52612498999
2024-09-01,67590.66725001
2024-09-02,78375.88408332999
2024-09-03,81056.68974999999
2024-09-04,83301.04279166
2024-09-05,82611.9435
2024-09-06,80479.77841667
2024-09-07,73001.80266666
2024-09-08,70481.35579167001
2024-09-09,82934.52354165999
2024-09-10,84727.20108333
2024-09-11,85438.04283333
2024-09-12,85926.18858333
2024-09-13,85503.89854166
2024-09-14,77965.81604167
2024-09-15,70445.905125
2024-09-16,79658.75750001
2024-09-17,79877.98574999999
2024-09-18,80922.264125
2024-09-19,82460.32258333
2024-09-20,83608.04933333
2024-09-21,76543.63562499
2024-09-22,72411.39445833
2024-09-23,85394.01787499999
2024-09-24,87922.06329167
2024-09-25,88384.92308333
2024-09-26,88287.06316667
2024-09-27,86105.65441667
2024-09-28,76996.057625
2024-09-29,70788.89304165999
2024-09-30,83668.05770833
2024-10-01,87619.36966667
2024-10-02,89212.22241665999
2024-10-03,85964.17425
2024-10-04,83100.57299998999
2024-10-05,76437.87662501
2024-10-06,69729.52283333
2024-10-07,82884.91154167
2024-10-08,86638.46208334
2024-10-09,86441.01954167
2024-10-10,84192.91912501
2024-10-11,80260.73300001
2024-10-12,71121.44383333
2024-10-13,67406.35654168
2024-10-14,80194.64433333
2024-10-15,82520.954375
2024-10-16,82488.19041667
2024-10-17,83635.33691667
2024-10-18,83980.97079166
2024-10-19,75298.65712501001
2024-10-20,67547.17829167
2024-10-21,79393.13729167
2024-10-22,84278.70404166
2024-10-23,86354.93737500001
2024-10-24,85844.70358334
2024-10-25,85843.283875
2024-10-26,78719.64641666
2024-10-27,69014.11716666
2024-10-28,79284.21208334001
2024-10-29,82428.52229167
2024-10-30,83153.25866667
2024-10-31,82682.44862501
2024-11-01,82438.234
2024-11-02,74758.08058334
2024-11-03,70862.58129166
2024-11-04,82885.96341667001
2024-11-05,84445.51116667
2024-11-06,85694.77374999
2024-11-07,85425.75208333001
2024-11-08,83480.16708333
2024-11-09,69502.25170833
2024-11-10,70848.93283333
2024-11-11,81277.86720833
2024-11-12,83862.67633333
2024-11-13,81339.03841668
2024-11-14,79661.23558333
2024-11-15,74294.06279167
2024-11-16,74159.747875
2024-11-17,70420.968375
2024-11-18,83900.08029167
2024-11-19,85716.58933332999
2024-11-20,81057.49454166999
2024-11-21,85268.62054167
2024-11-22,82555.93983334
2024-11-23,75972.69391666999
2024-11-24,69608.92762501
2024-11-25,81859.92895833
2024-11-26,85856.90862500001
2024-11-27,89578.30220833
2024-11-28,90727.13916667001
2024-11-29,88829.056375
2024-11-30,81883.24516667
2024-12-01,75589.64666667
2024-12-02,88405.80754166
2024-12-03,86458.459125
2024-12-04,83318.63450001
2024-12-05,83890.89595833
2024-12-06,87192.489625
2024-12-07,80684.83458332
2024-12-08,74246.10500001
2024-12-09,85707.68791667
2024-12-10,86570.85695834
2024-12-11,84485.99724999
2024-12-12,84302.16545833
2024-12-13,84795.82816666001
2024-12-14,77993.01066667
2024-12-15,71626.52145834
2024-12-16,83391.61720834
2024-12-17,84442.44270833
2024-12-18,83807.039625
2024-12-19,84395.00566666
2024-12-20,84258.81649999
2024-12-21,78054.96733334
2024-12-22,72454.71275
2024-12-23,77223.80829167
2024-12-24,72772.31183333
2024-12-25,66416.57704167
2024-12-26,75394.72508333
2024-12-27,77224.80237501
2024-12-28,74816.18320834
2024-12-29,70248.53175001
2024-12-30,74499.63329166
2024-12-31,71629.25720833
2025-01-01,66093.58387499
2025-01-02,77405.054
2025-01-03,80445.57866666
2025-01-04,76948.518375
2025-01-05,71794.29416667
2025-01-06,82590.33975
2025-01-07,84368.57641666
2025-01-08,85329.375625
2025-01-09,84609.98800000001
2025-01-10,83995.76341667
2025-01-11,78208.29129167
2025-01-12,71682.59675
2025-01-13,81806.85420833
2025-01-14,83330.41658332001
2025-01-15,83801.347375
2025-01-16,85495.49266666
2025-01-17,86726.92479167
2025-01-18,81403.10833334
2025-01-19,76694.18395833
2025-01-20,88385.43225
2025-01-21,91683.55695833999
2025-01-22,93146.47437499999
2025-01-23,91952.31916667
2025-01-24,90610.89420834
2025-01-25,83354.15425001
2025-01-26,76669.31654166
2025-01-27,87644.47295833999
2025-01-28,89118.80220834
2025-01-29,89109.522625
2025-01-30,87435.38429166
2025-01-31,84288.29687499
2025-02-01,78937.68916666
2025-02-02,73801.73558333999
2025-02-03,86819.54804167
2025-02-04,89394.80504167
2025-02-05,90486.01120834
2025-02-06,90475.78325
2025-02-07,90607.33966667
2025-02-08,82932.17270832
2025-02-09,77773.06416666
2025-02-10,90970.59645833
2025-02-11,93227.74791667
2025-02-12,93907.32004167
2025-02-13,92957.77249999999
2025-02-14,91572.65333333
2025-02-15,85123.11908334
2025-02-16,79934.99183334
2025-02-17,93175.29241666
2025-02-18,93085.31824999
2025-02-19,92258.32345834
2025-02-20,93766.28433333
2025-02-21,94146.51479166001
2025-02-22,86149.76758333
2025-02-23,80895.36504167
2025-02-24,93950.64279167
2025-02-25,95817.47004166999
2025-02-26,95880.76445833
2025-02-27,95115.65608334
2025-02-28,94626.06116666
2025-03-01,85248.83425
2025-03-02,79790.92699999
2025-03-03,85899.345625
2025-03-04,85094.20129167
2025-03-05,90822.35654168
2025-03-06,93292.82408334
2025-03-07,93102.42633333
2025-03-08,86345.439875
2025-03-09,79591.78987501
2025-03-10,90071.087875
2025-03-11,91772.949625
2025-03-12,90985.75579167
2025-03-13,91613.56075
2025-03-14,89964.18433334
2025-03-15,83373.48329167001
2025-03-16,76424.42370833
2025-03-17,87632.67645833
2025-03-18,88570.37441667
2025-03-19,86708.87683333
2025-03-20,85527.02558333
2025-03-21,85419.84537500999
2025-03-22,79584.621875
2025-03-23,75229.04099999
2025-03-24,86930.64845834
2025-03-25,88209.23295834
2025-03-26,88150.25841666
2025-03-27,87264.37241666
2025-03-28,87536.12904166
2025-03-29,81540.34554167
2025-03-30,75523.72933333
2025-03-31,87929.80875
2025-04-01,88032.184875
2025-04-02,88645.64995833
2025-04-03,89143.69195833
2025-04-04,86789.35979166
2025-04-05,75660.35725
2025-04-06,68183.81266666
2025-04-07,79018.10400001
2025-04-08,81628.87395834
2025-04-09,83370.703375
2025-04-10,83420.07004167
2025-04-11,81820.62520832999
2025-04-12,76782.812875
2025-04-13,71367.54025001
2025-04-14,81542.64145833
2025-04-15,82728.32729167
2025-04-16,82996.49720834
2025-04-17,82045.46699998999
2025-04-18,72127.57079167
2025-04-19,72909.58320833
2025-04-20,67330.41883333
2025-04-21,70756.38874999
2025-04-22,78784.94529167001
2025-04-23,79950.69079167
2025-04-24,81923.76079166
2025-04-25,83027.22308334
2025-04-26,76944.65162501
2025-04-27,70497.94220833
2025-04-28,82217.666875
2025-04-29,82016.83695833001
2025-04-30,80085.15020833
2025-05-01,71618.09645833
2025-05-02,75386.46670833
2025-05-03,71415.56104167001
2025-05-04,67201.89254167001
2025-05-05,78401.47454166
2025-05-06,80558.94758333
2025-05-07,81607.15766667001
2025-05-08,82149.02658333
2025-05-09,83513.14508332999
2025-05-10,76262.06474999999
2025-05-11,67369.17954167
2025-05-12,76882.14266665999
2025-05-13,78478.538125
2025-05-14,77623.19595833
2025-05-15,77689.29291667
2025-05-16,77995.47879165999
2025-05-17,73242.63445833
2025-05-18,67935.484
2025-05-19,78950.71991665999
2025-05-20,80426.49729166
2025-05-21,80387.24175
2025-05-22,80116.40404166
2025-05-23,79611.80345833
2025-05-24,73042.53608333001
2025-05-25,66530.36479167
2025-05-26,76680.77570833999
2025-05-27,78756.6945
2025-05-28,78641.63516666
2025-05-29,76742.347
2025-05-30,76935.43695833
2025-05-31,71325.859625
2025-06-01,65688.15720834
2025-06-02,76953.91500000001
2025-06-03,79351.06095833
2025-06-04,79569.34133333
2025-06-05,79927.006
2025-06-06,79627.15966666001
2025-06-07,74062.51295834
2025-06-08,67928.87491667
2025-06-09,78088.65041666
2025-06-10,78903.26245833
2025-06-11,77983.58625001
2025-06-12,76703.92458333
2025-06-13,75642.70620833
2025-06-14,70823.92420834
2025-06-15,65196.65049999
2025-06-16,75580.99170833
2025-06-17,77080.94999999
2025-06-18,77198.09841666001
2025-06-19,72608.65424999999
2025-06-20,74656.29550000001
2025-06-21,69561.00933333
2025-06-22,65144.36991667
2025-06-23,76387.86779167
2025-06-24,77440.40800001001
2025-06-25,76077.83066667
2025-06-26,77475.62758334
2025-06-27,78116.39083332999
2025-06-28,72446.43316667
2025-06-29,65800.49454166999
2025-06-30,76579.505
2025-07-01,77316.40045833
2025-07-02,76696.37945834
2025-07-03,76035.15095832999
2025-07-04,75430.72854167
2025-07-05,68710.96808334
2025-07-06,63037.02270834
2025-07-07,75553.39741666999
2025-07-08,75053.30104167
2025-07-09,74810.04608334
2025-07-10,76391.206
2025-07-11,76528.6365
2025-07-12,70588.99841667
2025-07-13,64098.315
2025-07-14,74480.64491666999
2025-07-15,76572.41041666
2025-07-16,76631.19166667
2025-07-17,77535.60970834
2025-07-18,77179.09633333
2025-07-19,70785.31216666
2025-07-20,64661.85879166
2025-07-21,75428.71337499999
2025-07-22,77809.86408333
2025-07-23,79513.51420833
2025-07-24,79058.833875
2025-07-25,77377.34829167
2025-07-26,70954.27208334
2025-07-27,66014.67354167
2025-07-28,76193.17883334
2025-07-29,76281.93991666
2025-07-30,75572.29679167
2025-07-31,75894.46762499999
2025-08-01,75788.51229166999
2025-08-02,70157.17920833
2025-08-03,64973.92666666
2025-08-04,75364.66912501
2025-08-05,77469.41120834
2025-08-06,76839.50033333
2025-08-07,77288.467
2025-08-08,77758.91454166
2025-08-09,70153.88487499999
2025-08-10,62937.74000001
2025-08-11,73771.51354166001
2025-08-12,75484.26112499001
2025-08-13,76062.797
2025-08-14,77032.33487501
2025-08-15,76747.11108334
2025-08-16,71155.33770834
2025-08-17,65441.03470833
2025-08-18,76625.58408333
2025-08-19,78793.54858333
2025-08-20,79175.08766667
2025-08-21,80433.09008334001
2025-08-22,80554.08120834001
2025-08-23,75390.76404167
2025-08-24,68481.49254167
2025-08-25,78036.97054167
2025-08-26,79651.59008333
2025-08-27,78986.92845832999
2025-08-28,79246.2555
2025-08-29,79208.65204166001
2025-08-30,71917.97358334
2025-08-31,66090.69299999
2025-09-01,77310.56991667
2025-09-02,79669.00554167
2025-09-03,79779.88862499999
2025-09-04,80249.30908333001
2025-09-05,80012.18029166
2025-09-06,72035.10320833
2025-09-07,66048.13199999
2025-09-08,78213.90108333
2025-09-09,81398.710125
2025-09-10,80240.89170833
2025-09-11,81188.53575000001
2025-09-12,80677.9155
2025-09-13,74400.14383333
2025-09-14,68520.97795834
2025-09-15,80075.39070833
2025-09-16,80854.10879166
2025-09-17,80486.27560416999
2025-09-18,80560.31283334
2025-09-19,82101.13287500001
2025-09-20,76677.31975001
2025-09-21,72250.87116667
2025-09-22,81880.91908334
2025-09-23,79863.18362499
2025-09-24,79450.88712500001
2025-09-25,77461.293
2025-09-26,76096.62862499
2025-09-27,69905.13366666
2025-09-28,65828.37883333
2025-09-29,77548.96475001
2025-09-30,81766.70579167
2025-10-01,80921.23679165999
2025-10-02,80756.75454165999
2025-10-03,81163.76354166999
2025-10-04,74619.08725000001
2025-10-05,70147.17208332001
2025-10-06,83742.84095833001
2025-10-07,83428.927375
2025-10-08,81076.54758334
2025-10-09,80772.39837501
2025-10-10,80442.55083333
2025-10-11,74167.11625001
2025-10-12,69580.66016667
2025-10-13,81803.553
2025-10-14,81901.04570834001
2025-10-15,81172.17
2025-10-16,83064.835625
2025-10-17,84770.34962501
2025-10-18,78773.69729166
2025-10-19,67982.96445834
2025-10-20,75729.17050000001
2025-10-21,75997.259875
2025-10-22,75896.31570834
2025-10-23,76837.98691666
2025-10-24,78398.05775
2025-10-25,74811.96483333
2025-10-26,70591.07491667
2025-10-27,81018.014875
2025-10-28,83349.18741666
2025-10-29,83448.54058333
2025-10-30,82649.84866667
2025-10-31,80467.77779166
2025-11-01,74616.62795833
2025-11-02,70125.04233334001
2025-11-03,81096.13520833
2025-11-04,83095.447
2025-11-05,86037.16408334
2025-11-06,83160.66187499999
2025-11-07,82899.23525
2025-11-08,75994.20616666
2025-11-09,68352.880125
2025-11-10,78111.91016667
2025-11-11,80112.29137501
2025-11-12,82906.98445833
2025-11-13,83977.37179167
2025-11-14,84021.14370832
2025-11-15,75920.615625
2025-11-16,73660.05708333
2025-11-17,85069.392875
2025-11-18,85436.14291666
2025-11-19,83372.04779167
2025-11-20,77654.57458333
2025-11-21,81505.41129166
2025-11-22,78580.31158333001
2025-11-23,72707.36508332999
2025-11-24,82285.24370833
2025-11-25,83301.59120832
2025-11-26,83898.32620832999
2025-11-27,85134.00712501
2025-11-28,87007.75133333
2025-11-29,80213.68083333
2025-11-30,75052.12554167
2025-12-01,87575.05570833999
2025-12-02,88741.14766667
2025-12-03,88006.80474999
2025-12-04,86239.93816667
2025-12-05,86083.16279166
2025-12-06,81055.92516667
2025-12-07,76111.04166665999
2025-12-08,85913.86741667
2025-12-09,85042.76070833999
2025-12-10,83625.00529167001
2025-12-11,85721.17170833
2025-12-12,87390.10820833
2025-12-13,80087.04695833
2025-12-14,74479.59429167
2025-12-15,86922.68116666
2025-12-16,87314.82787501
2025-12-17,81901.42599999
2025-12-18,80953.42720833
2025-12-19,81343.03395833
2025-12-20,76545.83583334001
2025-12-21,73120.26995833
2025-12-22,82438.34175001
2025-12-23,83896.03912501
2025-12-24,78709.00345833
2025-12-25,71112.40491667
2025-12-26,81667.20412501
2025-12-27,81916.083125
2025-12-28,78465.61291667001
2025-12-29,84829.54675
2025-12-30,84943.85133334
2025-12-31,79639.81437499999
2026-01-01,71586.012875
2026-01-02,79383.89683333
2026-01-03,76919.57862501
2026-01-04,71529.95466665999
2026-01-05,78450.94883334
2026-01-06,80768.489
2026-01-07,84373.223625
2026-01-08,86678.40366667
2026-01-09,88885.57508334
2026-01-10,82557.2125
2026-01-11,76148.302375
2026-01-12,88941.46108333
2026-01-13,89358.18916667
2026-01-14,89595.82383334
2026-01-15,90428.43608332
2026-01-16,91123.31670832999
2026-01-17,84401.54316666999
2026-01-18,77406.30424999999
2026-01-19,86221.73550000001
2026-01-20,83136.79854168
2026-01-21,82161.99408333
2026-01-22,82155.04691666001
2026-01-23,82259.70624999
2026-01-24,77370.21583334
2026-01-25,73238.24520834
2026-01-26,86175.200875
2026-01-27,89047.929625
2026-01-28,90221.61979167
2026-01-29,89784.92575
2026-01-30,87861.51949999
2026-01-31,81163.77316667
2026-02-01,76282.17791667
2026-02-02,87077.29787499999
2026-02-03,89498.11695833999
2026-02-04,89523.89283333
2026-02-05,90060.07608334001
2026-02-06,90370.07333333
2026-02-07,82930.54920832999
2026-02-08,74127.07424999
2026-02-09,83961.80462499999
2026-02-10,86225.04820833
2026-02-11,88647.89483333
2026-02-12,90932.65970833
2026-02-13,90694.95925001
2026-02-14,81834.45033333
2026-02-15,75908.31245833999
2026-02-16,83627.95183334
2026-02-17,85652.369875
2026-02-18,91023.44475000999
2026-02-19,92049.06545834
2026-02-20,91960.00133333
2026-02-21,83331.12558333
2026-02-22,75672.68366666
2026-02-23,87396.26658333
2026-02-24,88388.85579167001
2026-02-25,89031.85529167
2026-02-26,88362.746625
