ticket_id,ticker,side,filled_notional_brl,filled_quantity,avg_price_brl,fee_brl,status,executed_at,as_of_date,scenario_id,alias,capital_brl,market_state
3ef09af0-dfa6-4d78-aa56-ba8d9a07bb9e,BTC-USD,buy,2400.0,0.028789284628261365,83364.34999999999,6.0,filled,2023-01-02T00:00:00+00:00,2023-01-02,hermes_10000,Hermes,10000.0,balanced
a26d5561-fe00-4352-bbe4-bb23d3ac7025,ETH-USD,buy,1400.0000000000002,0.23064250411861617,6070.0,3.5000000000000004,filled,2023-01-02T00:00:00+00:00,2023-01-02,hermes_10000,Hermes,10000.0,balanced
f5d2546e-3d63-42fa-8ca8-edf3e78b8d37,SOL-USD,buy,800.0,14.184397163120568,56.4,2.0,filled,2023-01-02T00:00:00+00:00,2023-01-02,hermes_10000,Hermes,10000.0,balanced
b48aa77b-13e8-474e-8d4d-fb859b68e2d8,SOL-USD,sell,137.21145167633847,2.0525273250013236,66.85,0.3430286291908462,filled,2023-01-03T00:00:00+00:00,2023-01-03,hermes_10000,Hermes,10000.0,balanced
344a3e1a-316c-44c6-8e02-5287ca719860,SOL-USD,sell,145.19264752705908,1.7869864311022656,81.25,0.36298161881764773,filled,2023-01-09T00:00:00+00:00,2023-01-09,hermes_10000,Hermes,10000.0,balanced
433b16cb-bbae-4e65-b821-71113f035a35,ETH-USD,sell,104.04640108852482,0.014977277954861458,6946.950000000001,0.260116002721312,filled,2023-01-11T00:00:00+00:00,2023-01-11,hermes_10000,Hermes,10000.0,balanced
513c3e20-1b7d-4de6-9042-f330ce813cb7,BTC-USD,sell,103.66685127807568,0.0011001108026593171,94233.09999999999,0.2591671281951892,filled,2023-01-12T00:00:00+00:00,2023-01-12,hermes_10000,Hermes,10000.0,balanced
e2fbf1fe-1ba3-49c8-936c-f1b4e8ee5e6f,BTC-USD,sell,117.72769179497527,0.0011113908876524937,105928.25,0.29431922948743816,filled,2023-01-16T00:00:00+00:00,2023-01-16,hermes_10000,Hermes,10000.0,balanced
8fe2050e-3f5b-48bd-b316-87ac599678a2,SOL-USD,sell,281.21574185501686,2.3852056136981923,117.89999999999999,0.7030393546375422,filled,2023-01-16T00:00:00+00:00,2023-01-16,hermes_10000,Hermes,10000.0,balanced
7f8f4118-bb15-4bae-a1c4-0cccbfbdcae2,BTC-USD,sell,110.3229936506209,0.0009734148459437302,113336.04999999999,0.27580748412655226,filled,2023-01-20T00:00:00+00:00,2023-01-20,hermes_10000,Hermes,10000.0,balanced
c7121501-59c4-402b-b30e-492aa3c15fb4,BTC-USD,buy,1137.3913545484652,0.010050783214591378,113164.45,2.8434783863711632,filled,2023-01-24T00:00:00+00:00,2023-01-24,hermes_10000,Hermes,10000.0,risk_on
bcd71782-990e-41ac-be06-5570f73ef80c,ETH-USD,buy,695.6248827462973,0.08941366257013918,7779.85,1.7390622068657433,filled,2023-01-24T00:00:00+00:00,2023-01-24,hermes_10000,Hermes,10000.0,risk_on
a84d7e75-ce85-4c8d-af23-f33052de45a0,SOL-USD,buy,992.1670933540977,8.710861223477592,113.9,2.480417733385244,filled,2023-01-24T00:00:00+00:00,2023-01-24,hermes_10000,Hermes,10000.0,risk_on
1ba94223-c88d-4d76-ae88-55beb3acfcff,SOL-USD,sell,104.27755728019793,0.8342204582415834,125.0,0.2606938932004948,filled,2023-02-01T00:00:00+00:00,2023-02-01,hermes_10000,Hermes,10000.0,risk_on
d8cbc200-f1f7-4579-b077-8a5b86342562,BTC-USD,buy,753.4656142254662,0.006431109847903637,117159.5,1.8836640355636656,filled,2023-02-03T00:00:00+00:00,2023-02-03,hermes_10000,Hermes,10000.0,opportunistic
b73a3ed6-10bc-4dcf-b5b2-4f8d567d25ee,SOL-USD,buy,510.40913081178064,4.134541359350187,123.45,1.2760228270294516,filled,2023-02-03T00:00:00+00:00,2023-02-03,hermes_10000,Hermes,10000.0,opportunistic
3b15a2b9-3138-4663-b465-05480bc4f4af,SOL-USD,buy,118.34070997690105,1.0444899380132484,113.3,0.2958517749422526,filled,2023-02-06T00:00:00+00:00,2023-02-06,hermes_10000,Hermes,10000.0,opportunistic
3663d07f-e13b-4988-8bb5-942e9d448a16,ETH-USD,sell,106.1972192486387,0.012710390507488041,8355.15,0.26549304812159674,filled,2023-02-07T00:00:00+00:00,2023-02-07,hermes_10000,Hermes,10000.0,opportunistic
8cb67b55-11a2-49fd-94ef-65f463eca415,SOL-USD,buy,123.04440212901591,1.201605489541171,102.4,0.30761100532253977,filled,2023-02-09T00:00:00+00:00,2023-02-09,hermes_10000,Hermes,10000.0,opportunistic
e79a8ba5-74cb-4047-a5da-cf86c2832ab1,BTC-USD,sell,1881.3252140222803,0.016948997956942755,110999.2,4.703313035055701,filled,2023-02-14T00:00:00+00:00,2023-02-14,hermes_10000,Hermes,10000.0,balanced
4a93114a-1b69-49bb-a682-0683cb20497e,ETH-USD,sell,646.5769205599479,0.08312306542478326,7778.55,1.6164423013998697,filled,2023-02-14T00:00:00+00:00,2023-02-14,hermes_10000,Hermes,10000.0,balanced
000d72aa-320d-43d8-82f5-e6f9cfb79a5c,SOL-USD,sell,1496.019488684704,13.699812167442342,109.2,3.74004872171176,filled,2023-02-14T00:00:00+00:00,2023-02-14,hermes_10000,Hermes,10000.0,balanced
077277f7-dc84-40b7-99c6-e8af8ada6c58,BTC-USD,sell,154.74375851347122,0.0012723519193018533,121620.25,0.38685939628367805,filled,2023-02-15T00:00:00+00:00,2023-02-15,hermes_10000,Hermes,10000.0,balanced
d7c6adc9-48fc-4a24-beb3-cea28f97bbf0,BTC-USD,buy,1938.3783180123555,0.01585445472311939,122260.8,4.845945795030889,filled,2023-02-21T00:00:00+00:00,2023-02-21,hermes_10000,Hermes,10000.0,opportunistic
e194d006-3537-4aea-9344-fd77ce8f51a0,ETH-USD,buy,691.5747336763877,0.08333430540275555,8298.8,1.7289368341909694,filled,2023-02-21T00:00:00+00:00,2023-02-21,hermes_10000,Hermes,10000.0,opportunistic
fcf006f3-4bfc-4c29-ae66-a0d86c188851,SOL-USD,buy,1364.2695484761616,10.92289470357215,124.9,3.4106738711904043,filled,2023-02-21T00:00:00+00:00,2023-02-21,hermes_10000,Hermes,10000.0,opportunistic
ce467b08-b977-471a-9217-b0b17513420b,SOL-USD,buy,131.02009258144062,1.1553800051273422,113.4,0.32755023145360157,filled,2023-02-27T00:00:00+00:00,2023-02-27,hermes_10000,Hermes,10000.0,opportunistic
47e49aec-6da5-4cb2-b2d3-a88c575a0752,BTC-USD,sell,1839.4358844295548,0.015897243656584705,115707.85,4.598589711073887,filled,2023-02-28T00:00:00+00:00,2023-02-28,hermes_10000,Hermes,10000.0,balanced
7c036cd0-750d-4c20-9f43-dbcb37d8a64f,ETH-USD,sell,740.3850397333179,0.09224659889652173,8026.15,1.8509625993332948,filled,2023-02-28T00:00:00+00:00,2023-02-28,hermes_10000,Hermes,10000.0,balanced
b066745b-d9d5-4a44-8c5d-c3aded75f887,SOL-USD,sell,1335.3663013835544,12.200697134614476,109.45,3.338415753458886,filled,2023-02-28T00:00:00+00:00,2023-02-28,hermes_10000,Hermes,10000.0,balanced
bcfd4edc-5490-4ec5-8d59-eaecae05409b,BTC-USD,buy,1181.2140533610796,0.010642546011985603,110989.79999999999,2.953035133402699,filled,2023-03-07T00:00:00+00:00,2023-03-07,hermes_10000,Hermes,10000.0,risk_on
1a5e590a-9ff8-4895-aea8-6dbdc585ac57,ETH-USD,buy,685.5715709775943,0.08778349906240804,7809.8,1.7139289274439857,filled,2023-03-07T00:00:00+00:00,2023-03-07,hermes_10000,Hermes,10000.0,risk_on
f4f4914b-e036-44eb-8a6b-130b477f7ada,SOL-USD,buy,950.1411817249374,9.384110436789506,101.25,2.3753529543123437,filled,2023-03-07T00:00:00+00:00,2023-03-07,hermes_10000,Hermes,10000.0,risk_on
67f6767e-c722-44d6-ace2-9d36a12c8062,SOL-USD,buy,115.87041380767141,1.258776901767207,92.05,0.28967603451917856,filled,2023-03-08T00:00:00+00:00,2023-03-08,hermes_10000,Hermes,10000.0,risk_on
4317803d-d8d8-4fc4-9ac3-95d2fd495388,BTC-USD,buy,100.59311992533958,0.000998408688986229,100753.45,0.251482799813349,filled,2023-03-10T00:00:00+00:00,2023-03-10,hermes_10000,Hermes,10000.0,risk_on
6421e36f-698f-4d96-aa36-1e51f1f28a54,BTC-USD,sell,1448.6292505292836,0.012015099027840724,120567.4,3.621573126323209,filled,2023-03-13T00:00:00+00:00,2023-03-13,hermes_10000,Hermes,10000.0,balanced
28060203-af47-438b-b490-9b9ae36d10ca,ETH-USD,sell,761.6245912247539,0.09102448130804672,8367.25,1.9040614780618847,filled,2023-03-13T00:00:00+00:00,2023-03-13,hermes_10000,Hermes,10000.0,balanced
eb40c886-668e-4263-816d-c32904c27bd3,SOL-USD,sell,999.4821102878591,9.798844218508423,102.0,2.4987052757196477,filled,2023-03-13T00:00:00+00:00,2023-03-13,hermes_10000,Hermes,10000.0,balanced
b82fc40b-e3f5-45e2-a0d3-2bd2126f6747,BTC-USD,buy,1135.8017942541755,0.0093536827432664,121428.3,2.839504485635439,filled,2023-03-15T00:00:00+00:00,2023-03-15,hermes_10000,Hermes,10000.0,risk_on
3d3368a8-5bce-4dc0-bdb7-c6a93e1d04bc,ETH-USD,buy,716.99965408448,0.08691115591705012,8249.8,1.7924991352111999,filled,2023-03-15T00:00:00+00:00,2023-03-15,hermes_10000,Hermes,10000.0,risk_on
06f74437-3d86-43cb-9ead-91b3bd8d5819,SOL-USD,buy,985.6073406322255,10.245398551270537,96.19999999999999,2.4640183515805636,filled,2023-03-15T00:00:00+00:00,2023-03-15,hermes_10000,Hermes,10000.0,risk_on
4de90c88-4843-4b68-8d9c-babeca25167a,BTC-USD,sell,193.56860951232466,0.001413160729752512,136975.65,0.48392152378081166,filled,2023-03-17T00:00:00+00:00,2023-03-17,hermes_10000,Hermes,10000.0,risk_on
2104e6ef-48e3-4064-8a54-7c25379bdc3b,SOL-USD,sell,129.21534256835344,1.167784388326737,110.64999999999999,0.3230383564208836,filled,2023-03-20T00:00:00+00:00,2023-03-20,hermes_10000,Hermes,10000.0,risk_on
bcc99bcc-4b45-4554-8216-10252ae9de37,SOL-USD,buy,110.2557749129794,1.0673356719552702,103.3,0.2756394372824485,filled,2023-03-24T00:00:00+00:00,2023-03-24,hermes_10000,Hermes,10000.0,risk_on
2b3db792-df5f-49c5-b442-d5f428b2b0ff,BTC-USD,sell,111.0141801918353,0.0007832074966088999,141743.0,0.2775354504795882,filled,2023-03-29T00:00:00+00:00,2023-03-29,hermes_10000,Hermes,10000.0,risk_on
2868efcb-1e88-4d36-a3e9-9c3eaca6a8f5,ETH-USD,sell,133.76086105702825,0.014015985943975002,9543.45,0.3344021526425706,filled,2023-04-05T00:00:00+00:00,2023-04-05,hermes_10000,Hermes,10000.0,risk_on
c71a8773-5b67-4a22-8e40-4be4bf20a0ce,ETH-USD,buy,121.3711216085776,0.012844456373337454,9449.3,0.303427804021444,filled,2023-04-11T00:00:00+00:00,2023-04-11,hermes_10000,Hermes,10000.0,risk_on
493a3045-f615-44de-99ae-f2bf3fe939cb,SOL-USD,sell,157.36342992597702,1.3223817640838404,119.0,0.39340857481494257,filled,2023-04-12T00:00:00+00:00,2023-04-12,hermes_10000,Hermes,10000.0,risk_on
d44d2c37-a2e7-4c8d-8dc0-fe20ba06e188,ETH-USD,sell,105.75012245398511,0.010511888355821803,10060.05,0.2643753061349628,filled,2023-04-13T00:00:00+00:00,2023-04-13,hermes_10000,Hermes,10000.0,risk_on
8d15e622-8016-48fb-8e97-110cf085ef65,BTC-USD,sell,1336.6099554513412,0.008774168946141546,152334.65,3.341524888628353,filled,2023-04-14T00:00:00+00:00,2023-04-14,hermes_10000,Hermes,10000.0,balanced
5514eade-e707-41a5-981a-d2a1d60eb53e,ETH-USD,sell,919.3906156494006,0.08756142797340946,10499.949999999999,2.298476539123502,filled,2023-04-14T00:00:00+00:00,2023-04-14,hermes_10000,Hermes,10000.0,balanced
df468bb7-785b-4cc2-a2f0-ffa3b48833b7,SOL-USD,sell,1122.932037890351,9.088887396927163,123.55000000000001,2.8073300947258777,filled,2023-04-14T00:00:00+00:00,2023-04-14,hermes_10000,Hermes,10000.0,balanced
8f47eb25-9325-4d48-97b5-b235e69de991,BTC-USD,buy,1419.6194148028817,0.009859460951296358,143985.5,3.5490485370072045,filled,2023-04-19T00:00:00+00:00,2023-04-19,hermes_10000,Hermes,10000.0,risk_on
8160c569-3ba9-4fe7-8ba4-b5ed54762eba,ETH-USD,buy,897.7436709678007,0.09285098446709734,9668.65,2.2443591774195015,filled,2023-04-19T00:00:00+00:00,2023-04-19,hermes_10000,Hermes,10000.0,risk_on
6fe35ac9-61fe-44fa-8655-99a7666fd843,SOL-USD,buy,1130.708931889871,9.979778745718193,113.3,2.826772329724678,filled,2023-04-19T00:00:00+00:00,2023-04-19,hermes_10000,Hermes,10000.0,risk_on
a8062d37-2330-4b01-81ae-8650ff1ca01a,SOL-USD,buy,113.26069245105123,1.0985518181479264,103.10000000000001,0.2831517311276281,filled,2023-05-08T00:00:00+00:00,2023-05-08,hermes_10000,Hermes,10000.0,risk_on
f59c1167-309f-48dd-94d4-8cc369b88709,BTC-USD,sell,1253.675952003312,0.00905364226705263,138472.0,3.13418988000828,filled,2023-05-30T00:00:00+00:00,2023-05-30,hermes_10000,Hermes,10000.0,balanced
80ccb393-fa76-41ab-a360-739a805c594b,ETH-USD,sell,809.6021798304973,0.0851948268517142,9502.949999999999,2.024005449576243,filled,2023-05-30T00:00:00+00:00,2023-05-30,hermes_10000,Hermes,10000.0,balanced
13b962e9-3fc1-4ade-b401-a73053b51c77,SOL-USD,sell,1085.5339652883413,10.21679026153733,106.25,2.7138349132208535,filled,2023-05-30T00:00:00+00:00,2023-05-30,hermes_10000,Hermes,10000.0,balanced
4605818d-cd74-4847-a1f3-92eabc610863,BTC-USD,buy,131.69144763139911,0.0010237128725009842,128641.0,0.3292286190784978,filled,2023-06-05T00:00:00+00:00,2023-06-05,hermes_10000,Hermes,10000.0,balanced
28d201da-9000-4300-88c8-8b306a1a0e38,BTC-USD,sell,113.5107394971892,0.000833715798831213,136150.40000000002,0.28377684874297304,filled,2023-06-06T00:00:00+00:00,2023-06-06,hermes_10000,Hermes,10000.0,balanced
98f5f92a-244d-4ae9-ba87-604b16768f5e,SOL-USD,buy,100.39647350968335,1.077215381005186,93.2,0.25099118377420837,filled,2023-06-07T00:00:00+00:00,2023-06-07,hermes_10000,Hermes,10000.0,balanced
e474cfff-c6ab-40cc-84a9-b4877760277e,SOL-USD,buy,162.28348054344178,2.136714687866251,75.95,0.4057087013586045,filled,2023-06-12T00:00:00+00:00,2023-06-12,hermes_10000,Hermes,10000.0,balanced
9f7bcf6c-d0aa-40d8-a033-5cd69cfba42d,BTC-USD,buy,1248.5672078838911,0.009628712670571858,129671.25,3.121418019709728,filled,2023-06-13T00:00:00+00:00,2023-06-13,hermes_10000,Hermes,10000.0,risk_on
8714799d-36cf-4ac8-833d-f383ed24b50f,ETH-USD,buy,801.5037673403212,0.09212051667015164,8700.599999999999,2.003759418350803,filled,2023-06-13T00:00:00+00:00,2023-06-13,hermes_10000,Hermes,10000.0,risk_on
e5f11907-ac7d-4b50-8350-ec24df31c435,SOL-USD,buy,999.2979589914473,13.288536688716057,75.19999999999999,2.498244897478618,filled,2023-06-13T00:00:00+00:00,2023-06-13,hermes_10000,Hermes,10000.0,risk_on
6045f5a4-f667-405c-9eed-5a57865bd8e4,BTC-USD,sell,160.1030130789568,0.0011311506968806812,141539.95,0.400257532697392,filled,2023-06-20T00:00:00+00:00,2023-06-20,hermes_10000,Hermes,10000.0,risk_on
42b66132-b5c6-476f-83d7-b49ed0229c86,SOL-USD,sell,104.76060860423149,1.2591419303393208,83.2,0.2619015215105787,filled,2023-06-20T00:00:00+00:00,2023-06-20,hermes_10000,Hermes,10000.0,risk_on
a3e09783-b1e7-4866-b4a0-29a1b56c4a8d,BTC-USD,sell,102.36762585426732,0.0006825898598299008,149969.45,0.25591906463566827,filled,2023-06-21T00:00:00+00:00,2023-06-21,hermes_10000,Hermes,10000.0,risk_on
198568a1-d86b-4782-9f93-4274938f9adf,SOL-USD,buy,103.03691751754172,1.266587799846856,81.35,0.2575922937938543,filled,2023-06-26T00:00:00+00:00,2023-06-26,hermes_10000,Hermes,10000.0,risk_on
269ed7b8-f47a-47c5-98b2-572e852ff8bb,SOL-USD,sell,187.54260830865587,2.0849650729144624,89.94999999999999,0.4688565207716397,filled,2023-06-29T00:00:00+00:00,2023-06-29,hermes_10000,Hermes,10000.0,risk_on
ea53e479-69ed-4616-909e-8e585c7f6425,SOL-USD,sell,179.98611520589293,1.83565645289029,98.05,0.44996528801473235,filled,2023-07-06T00:00:00+00:00,2023-07-06,hermes_10000,Hermes,10000.0,risk_on
022de0cd-c27d-434c-bdb4-8d4ac813867a,ETH-USD,buy,121.75154891139664,0.013189635722755395,9230.85,0.3043788722784916,filled,2023-07-06T00:00:00+00:00,2023-07-06,hermes_10000,Hermes,10000.0,risk_on
3c40ff95-df5d-4669-abb4-7fc6a9d07e57,SOL-USD,sell,161.21089751643603,1.4996362559668468,107.5,0.4030272437910901,filled,2023-07-07T00:00:00+00:00,2023-07-07,hermes_10000,Hermes,10000.0,risk_on
580005a6-d191-4a11-a59a-36c69fe3b42a,BTC-USD,buy,130.64588905631717,0.0008610787983161288,151723.5,0.32661472264079294,filled,2023-07-07T00:00:00+00:00,2023-07-07,hermes_10000,Hermes,10000.0,risk_on
6a71da7e-77e1-4573-b570-42f6ddca3fc8,SOL-USD,sell,336.67345498836266,2.58880011525077,130.05,0.8416836374709067,filled,2023-07-13T00:00:00+00:00,2023-07-13,hermes_10000,Hermes,10000.0,risk_on
d3ed0269-99e1-4400-8e16-19983bec927c,BTC-USD,buy,112.43600381266788,0.000714918176745499,157271.15,0.2810900095316697,filled,2023-07-13T00:00:00+00:00,2023-07-13,hermes_10000,Hermes,10000.0,risk_on
a445b52c-d6b5-401e-b738-a744993895f3,BTC-USD,buy,107.89097970952935,0.0007118695177886874,151560.05,0.26972744927382336,filled,2023-07-14T00:00:00+00:00,2023-07-14,hermes_10000,Hermes,10000.0,risk_on
a78c4c28-d75d-4e24-a8be-8d3d05f66075,SOL-USD,sell,117.30163348817814,0.8753853245386428,134.0,0.29325408372044537,filled,2023-07-17T00:00:00+00:00,2023-07-17,hermes_10000,Hermes,10000.0,risk_on
a532eabd-7f0b-4246-960c-ecbc612338a8,SOL-USD,buy,211.56778704040653,1.8105929571279975,116.85000000000001,0.5289194676010164,filled,2023-07-24T00:00:00+00:00,2023-07-24,hermes_10000,Hermes,10000.0,risk_on
72e81428-4d1f-494e-9af8-cdee2173504a,SOL-USD,sell,135.90394088170342,1.0798882867040398,125.85000000000001,0.3397598522042586,filled,2023-07-26T00:00:00+00:00,2023-07-26,hermes_10000,Hermes,10000.0,risk_on
90be00c7-b6ba-417b-81ba-2c538d67dee0,SOL-USD,buy,103.02856865124522,0.868340233048843,118.65,0.2575714216281131,filled,2023-07-31T00:00:00+00:00,2023-07-31,hermes_10000,Hermes,10000.0,risk_on
0b42de70-97ad-44e2-bba9-f25c49477bde,BTC-USD,sell,1477.2622875084307,0.009924363092683483,148852.09999999998,3.693155718771077,filled,2023-08-08T00:00:00+00:00,2023-08-08,hermes_10000,Hermes,10000.0,balanced
0cbb8d8b-e65b-40c9-bfde-506bf2f1042f,ETH-USD,sell,765.7633357369843,0.08250426501502821,9281.5,1.914408339342461,filled,2023-08-08T00:00:00+00:00,2023-08-08,hermes_10000,Hermes,10000.0,balanced
3b2a8fcb-ef42-4dd4-a031-e270a22e276a,SOL-USD,sell,1166.516143499479,9.632668402142684,121.1,2.916290358748698,filled,2023-08-08T00:00:00+00:00,2023-08-08,hermes_10000,Hermes,10000.0,balanced
0dd5cce0-a25e-42e1-a977-0d83a84d6e9d,BTC-USD,buy,1461.1418846227093,0.00992929468842955,147154.65,3.6528547115567735,filled,2023-08-14T00:00:00+00:00,2023-08-14,hermes_10000,Hermes,10000.0,risk_on
c41fd04c-13ae-457b-b514-72b04840391f,ETH-USD,buy,864.9325228160419,0.09373422084161928,9227.5,2.162331307040105,filled,2023-08-14T00:00:00+00:00,2023-08-14,hermes_10000,Hermes,10000.0,risk_on
7602a71a-49a1-4250-b12d-8f3f31d7226b,SOL-USD,buy,1093.99174628959,8.6893705026973,125.9,2.734979365723975,filled,2023-08-14T00:00:00+00:00,2023-08-14,hermes_10000,Hermes,10000.0,risk_on
eca3d67a-0bcd-4e4a-ba65-11d7b737600a,SOL-USD,buy,150.41974189038592,1.3183150034214368,114.1,0.3760493547259648,filled,2023-08-16T00:00:00+00:00,2023-08-16,hermes_10000,Hermes,10000.0,risk_on
fc801fd1-e31c-4657-b494-02da1e370715,BTC-USD,sell,1215.3754421511749,0.009130126021806935,133117.05,3.0384386053779373,filled,2023-08-17T00:00:00+00:00,2023-08-17,hermes_10000,Hermes,10000.0,balanced
3621e48c-6d19-4237-b77e-2808a10e2940,ETH-USD,sell,749.0571734582895,0.08909445473458533,8407.45,1.8726429336457238,filled,2023-08-17T00:00:00+00:00,2023-08-17,hermes_10000,Hermes,10000.0,balanced
b169dfe5-7578-462b-9052-17f1b3f031a9,SOL-USD,sell,1048.3844992288555,9.680373954098389,108.3,2.6209612480721387,filled,2023-08-17T00:00:00+00:00,2023-08-17,hermes_10000,Hermes,10000.0,balanced
255d0865-ab06-4a6d-a504-fd3bec22917c,BTC-USD,sell,3071.3923407492744,0.0238045835272497,129025.25,7.678480851873186,filled,2023-09-01T00:00:00+00:00,2023-09-01,hermes_10000,Hermes,10000.0,defense
5da790e5-2dc2-46c0-a500-47fcbaab5bc1,ETH-USD,sell,1790.8938819405234,0.219860278179695,8145.599999999999,4.477234704851309,filled,2023-09-01T00:00:00+00:00,2023-09-01,hermes_10000,Hermes,10000.0,defense
2f5f255a-a6d3-412f-a3f7-42561bdcf807,SOL-USD,sell,942.641203995876,9.753142307251693,96.64999999999999,2.35660300998969,filled,2023-09-01T00:00:00+00:00,2023-09-01,hermes_10000,Hermes,10000.0,defense
25845c6b-5cba-42a8-869f-a1a33845ac18,BTC-USD,buy,3099.0417409177276,0.02406092978377464,128799.75,7.747604352294319,filled,2023-09-06T00:00:00+00:00,2023-09-06,hermes_10000,Hermes,10000.0,balanced
ff25ae6c-18ef-44d2-afaa-765fccc9c088,ETH-USD,buy,1807.7743488686747,0.22138497368504725,8165.75,4.5194358721716865,filled,2023-09-06T00:00:00+00:00,2023-09-06,hermes_10000,Hermes,10000.0,balanced
5e1e5807-2187-4eca-ae44-26c9f6a40dcd,SOL-USD,buy,1033.0139136392424,10.5194899555931,98.2,2.5825347840981063,filled,2023-09-06T00:00:00+00:00,2023-09-06,hermes_10000,Hermes,10000.0,balanced
6ce28836-6953-44ab-a6a6-3d711de55008,BTC-USD,sell,3154.6285039506934,0.02406092978377464,131110.0,7.8865712598767335,filled,2023-09-13T00:00:00+00:00,2023-09-13,hermes_10000,Hermes,10000.0,defense
0ea32e89-3172-443a-8d27-609ba98202e9,ETH-USD,sell,1779.5145569777783,0.22138497368504725,8038.099999999999,4.448786392444446,filled,2023-09-13T00:00:00+00:00,2023-09-13,hermes_10000,Hermes,10000.0,defense
cbd03336-14a3-4f3b-bdd8-9a5469721ead,SOL-USD,sell,967.7930759145652,10.5194899555931,92.0,2.419482689786413,filled,2023-09-13T00:00:00+00:00,2023-09-13,hermes_10000,Hermes,10000.0,defense
cc08b9e0-d51b-4071-8f60-0d38b1797e57,BTC-USD,buy,3082.84215325374,0.023246793623836914,132613.65,7.70710538313435,filled,2023-09-14T00:00:00+00:00,2023-09-14,hermes_10000,Hermes,10000.0,balanced
7be458d3-4526-4600-8f4c-fa60178a92e2,ETH-USD,buy,1798.3245893980152,0.22113221755064835,8132.35,4.495811473495038,filled,2023-09-14T00:00:00+00:00,2023-09-14,hermes_10000,Hermes,10000.0,balanced
b1ad2219-3d47-4f53-827f-e9dfdd72c87b,SOL-USD,buy,1027.61405108458,10.903066855008808,94.25,2.5690351277114503,filled,2023-09-14T00:00:00+00:00,2023-09-14,hermes_10000,Hermes,10000.0,balanced
11ff9ab5-d542-4bf8-b6bd-ed73d887d6c8,SOL-USD,sell,215.66390233434367,1.8456474311882214,116.85000000000001,0.5391597558358592,filled,2023-10-02T00:00:00+00:00,2023-10-02,hermes_10000,Hermes,10000.0,balanced
16cc5e46-d1b5-42f3-a951-9a03fdb3c5b0,BTC-USD,buy,1262.64250074231,0.009041125861842914,139655.45,3.156606251855775,filled,2023-10-06T00:00:00+00:00,2023-10-06,hermes_10000,Hermes,10000.0,risk_on
566a97aa-7970-430a-9cff-8b5d71bc0a52,ETH-USD,buy,833.6154733640992,0.10134957701246777,8225.15,2.084038683410248,filled,2023-10-06T00:00:00+00:00,2023-10-06,hermes_10000,Hermes,10000.0,risk_on
0400b4e8-7c92-4146-92d1-93d9b35ebc0d,SOL-USD,buy,1061.797962482452,9.07131962821403,117.05,2.6544949062061303,filled,2023-10-06T00:00:00+00:00,2023-10-06,hermes_10000,Hermes,10000.0,risk_on
77e2a660-07a7-41a9-8042-b6761c89483f,SOL-USD,buy,103.46044763003465,0.9723726281018293,106.4,0.25865111907508664,filled,2023-10-12T00:00:00+00:00,2023-10-12,hermes_10000,Hermes,10000.0,risk_on
94b3cd6e-e0e7-4a65-a11b-fa18b9898609,SOL-USD,sell,153.8366528438528,1.2846484579862445,119.75,0.384591632109632,filled,2023-10-16T00:00:00+00:00,2023-10-16,hermes_10000,Hermes,10000.0,risk_on
83ba9c69-c1a6-45da-b9a1-242eaabccd2b,BTC-USD,sell,1401.8411290442173,0.009873542556264036,141979.55,3.5046028226105435,filled,2023-10-17T00:00:00+00:00,2023-10-17,hermes_10000,Hermes,10000.0,balanced
48fe03fa-a32f-4c55-b6cb-706761bde1cf,ETH-USD,sell,667.045995730957,0.0852449499659372,7825.05,1.6676149893273924,filled,2023-10-17T00:00:00+00:00,2023-10-17,hermes_10000,Hermes,10000.0,balanced
0acb568b-0ad8-4117-9352-a7901eb6482a,SOL-USD,sell,1070.9454412073267,8.950651410006909,119.65,2.6773636030183168,filled,2023-10-17T00:00:00+00:00,2023-10-17,hermes_10000,Hermes,10000.0,balanced
7bf81dcf-222f-4b4d-adc0-472f94c68470,SOL-USD,sell,111.95036926712555,0.8283416149990791,135.15,0.2798759231678139,filled,2023-10-20T00:00:00+00:00,2023-10-20,hermes_10000,Hermes,10000.0,balanced
08fd852d-eae1-4a2c-9933-ecf4f8290666,BTC-USD,sell,263.2402681625181,0.0015920190369729057,165349.94999999998,0.6581006704062952,filled,2023-10-23T00:00:00+00:00,2023-10-23,hermes_10000,Hermes,10000.0,balanced
0fe52d81-1029-4037-aa4e-4f73ad54805e,SOL-USD,sell,133.51413729227602,0.837604374481029,159.4,0.33378534323069003,filled,2023-10-23T00:00:00+00:00,2023-10-23,hermes_10000,Hermes,10000.0,balanced
e2e5fbb4-6b96-4746-9384-227f230b6964,ETH-USD,sell,101.99880207208525,0.011428565258107683,8924.9,0.2549970051802131,filled,2023-10-24T00:00:00+00:00,2023-10-24,hermes_10000,Hermes,10000.0,balanced
d063f147-eeeb-49e0-8ce0-7ab84daff981,BTC-USD,sell,102.15284192961326,0.0005922581972696193,172480.25,0.2553821048240332,filled,2023-10-25T00:00:00+00:00,2023-10-25,hermes_10000,Hermes,10000.0,balanced
e8bf5dee-af35-43db-8e6f-749056afe7e6,SOL-USD,sell,198.48395190544488,1.0337705828408588,192.0,0.4962098797636122,filled,2023-10-31T00:00:00+00:00,2023-10-31,hermes_10000,Hermes,10000.0,balanced
29005cda-6066-4c33-b07c-36ad228580ea,SOL-USD,sell,116.00727310785123,0.5404485120328499,214.65,0.2900181827696281,filled,2023-11-07T00:00:00+00:00,2023-11-07,hermes_10000,Hermes,10000.0,balanced
198aee05-65a1-4480-8c1d-ecf7e5149c4b,ETH-USD,sell,216.85253801237377,0.020445056663999185,10606.6,0.5421313450309344,filled,2023-11-09T00:00:00+00:00,2023-11-09,hermes_10000,Hermes,10000.0,balanced
d72923ee-6da6-42ba-bb19-54ca9c193bb1,SOL-USD,sell,322.49547782526315,1.138152383360731,283.35,0.8062386945631579,filled,2023-11-10T00:00:00+00:00,2023-11-10,hermes_10000,Hermes,10000.0,balanced
76e32479-749c-4070-9f62-daddd454ecca,BTC-USD,buy,152.40844965932,0.0008574028023214976,177755.95,0.3810211241483,filled,2023-11-14T00:00:00+00:00,2023-11-14,hermes_10000,Hermes,10000.0,balanced
08936e92-6119-4a5a-9903-e8e2b7ffacd5,ETH-USD,buy,154.1140597615199,0.015571874139155992,9896.95,0.38528514940379976,filled,2023-11-14T00:00:00+00:00,2023-11-14,hermes_10000,Hermes,10000.0,balanced
e5445303-fb4d-4816-ae63-75764a5a8a94,BTC-USD,sell,3991.6744352532824,0.02108750249749477,189291.0,9.979186088133206,filled,2023-11-15T00:00:00+00:00,2023-11-15,hermes_10000,Hermes,10000.0,defense
698a733f-4513-4c0a-b52e-d78161a8f87a,ETH-USD,sell,2273.9523904507605,0.22093509681422804,10292.4,5.684880976126902,filled,2023-11-15T00:00:00+00:00,2023-11-15,hermes_10000,Hermes,10000.0,defense
63a89f1c-cee5-4fc5-9eac-c7bf1208d024,SOL-USD,sell,1468.0837747798646,4.487494344428747,327.15000000000003,3.6702094369496616,filled,2023-11-15T00:00:00+00:00,2023-11-15,hermes_10000,Hermes,10000.0,defense
649bef34-b7ea-4826-8a78-322961b9874c,BTC-USD,buy,3869.3709443349226,0.018650990913441825,207461.95,9.673427360837307,filled,2023-12-12T00:00:00+00:00,2023-12-12,hermes_10000,Hermes,10000.0,balanced
287e493c-593a-4c11-910f-f2cc316e945e,ETH-USD,buy,2257.1330508620385,0.20487170639467372,11017.3,5.642832627155096,filled,2023-12-12T00:00:00+00:00,2023-12-12,hermes_10000,Hermes,10000.0,balanced
5a03cf96-2016-4b38-959b-ed65f722e320,SOL-USD,buy,1289.7903147783074,3.760321617429468,343.0,3.2244757869457685,filled,2023-12-12T00:00:00+00:00,2023-12-12,hermes_10000,Hermes,10000.0,balanced
199ec6f7-c643-47be-adfc-b1dbc2b1d6d9,SOL-USD,sell,103.36919708001574,0.2731744108879908,378.40000000000003,0.2584229927000393,filled,2023-12-14T00:00:00+00:00,2023-12-14,hermes_10000,Hermes,10000.0,balanced
10e48ff6-da54-45ed-ae56-1cb7b212b555,SOL-USD,sell,109.21568054333352,0.26569925931962907,411.04999999999995,0.2730392013583338,filled,2023-12-20T00:00:00+00:00,2023-12-20,hermes_10000,Hermes,10000.0,balanced
da2f0aae-271b-4f2e-8a4c-0d44604273ca,SOL-USD,sell,167.85582009462678,0.357748977183774,469.20000000000005,0.41963955023656696,filled,2023-12-21T00:00:00+00:00,2023-12-21,hermes_10000,Hermes,10000.0,balanced
b0679d77-08b9-42c3-90e3-7a092487a043,SOL-USD,sell,256.5186642331421,0.4560737207452078,562.4499999999999,0.6412966605828553,filled,2023-12-26T00:00:00+00:00,2023-12-26,hermes_10000,Hermes,10000.0,balanced
1eb0fa74-6a22-4240-81cd-95f165e4a4c8,BTC-USD,sell,4049.95543365614,0.018650990913441825,217144.25,10.12488858414035,filled,2023-12-27T00:00:00+00:00,2023-12-27,hermes_10000,Hermes,10000.0,defense
1427d83a-ab63-4d0b-8e9b-dfbe2635fd65,ETH-USD,sell,2436.283114518861,0.20487170639467372,11891.75,6.090707786297153,filled,2023-12-27T00:00:00+00:00,2023-12-27,hermes_10000,Hermes,10000.0,defense
a43d7f7c-d7a5-4ffe-bad0-b3aed368829a,SOL-USD,sell,1286.9960770095015,2.4076252492928663,534.55,3.217490192523754,filled,2023-12-27T00:00:00+00:00,2023-12-27,hermes_10000,Hermes,10000.0,defense
61d6c075-0940-453c-8170-bc1539d18a70,BTC-USD,buy,4098.41097387514,0.01823667510792239,224734.55000000002,10.246027434687852,filled,2024-01-02T00:00:00+00:00,2024-01-02,hermes_10000,Hermes,10000.0,balanced
850f444c-6856-4eaf-84a9-39ee073c0a94,ETH-USD,buy,2390.739734760499,0.2030059129264139,11776.7,5.976849336901247,filled,2024-01-02T00:00:00+00:00,2024-01-02,hermes_10000,Hermes,10000.0,balanced
dbe06142-3ff2-45ce-b627-d969ef0c8dbd,SOL-USD,buy,1366.1369912917135,2.559986866469996,533.65,3.4153424782292836,filled,2024-01-02T00:00:00+00:00,2024-01-02,hermes_10000,Hermes,10000.0,balanced
6276d848-8fb0-4d3c-9806-59ea6c632a6f,BTC-USD,sell,4025.8463317869614,0.01823667510792239,220755.5,10.064615829467403,filled,2024-01-04T00:00:00+00:00,2024-01-04,hermes_10000,Hermes,10000.0,defense
345e5b18-7398-427c-a8db-c50c2d267057,ETH-USD,sell,2301.1836762730113,0.2030059129264139,11335.550000000001,5.752959190682528,filled,2024-01-04T00:00:00+00:00,2024-01-04,hermes_10000,Hermes,10000.0,defense
5a5dcf24-3335-45a1-a36a-e3f973eb8ce4,SOL-USD,sell,1342.8411108068362,2.559986866469996,524.55,3.3571027770170905,filled,2024-01-04T00:00:00+00:00,2024-01-04,hermes_10000,Hermes,10000.0,defense
ca21c1e5-ebb7-4704-b314-199f99e11b98,BTC-USD,buy,4044.5958991293332,0.01875191518896625,215689.75,10.111489747823333,filled,2024-01-16T00:00:00+00:00,2024-01-16,hermes_10000,Hermes,10000.0,balanced
cdb0f956-1c87-4810-9deb-66ab7421240e,ETH-USD,buy,2359.347607825445,0.18237208068527827,12937.0,5.898369019563612,filled,2024-01-16T00:00:00+00:00,2024-01-16,hermes_10000,Hermes,10000.0,balanced
3c2354f3-b722-4972-9a1a-fdf01ce97fc3,SOL-USD,buy,1348.1986330431112,2.7624190821495977,488.05,3.370496582607778,filled,2024-01-16T00:00:00+00:00,2024-01-16,hermes_10000,Hermes,10000.0,balanced
27c2670e-6334-470b-a5f3-3c95518e0a7f,BTC-USD,buy,144.29713231477672,0.0007293624109307301,197840.09999999998,0.3607428307869418,filled,2024-01-22T00:00:00+00:00,2024-01-22,hermes_10000,Hermes,10000.0,balanced
35fb57be-5e22-4457-a0b4-2b78769a8500,ETH-USD,buy,138.04310101061583,0.011930092559901117,11571.0,0.3451077525265396,filled,2024-01-22T00:00:00+00:00,2024-01-22,hermes_10000,Hermes,10000.0,balanced
a2e833e6-95d5-470b-9364-ce0f6083dca9,SOL-USD,buy,126.71989026001461,0.3022898145515615,419.20000000000005,0.3167997256500365,filled,2024-01-22T00:00:00+00:00,2024-01-22,hermes_10000,Hermes,10000.0,balanced
01090642-e493-4753-a080-a4d8c01ed41e,BTC-USD,sell,147.02413078001064,0.0007030693061391099,209117.55000000002,0.3675603269500266,filled,2024-01-26T00:00:00+00:00,2024-01-26,hermes_10000,Hermes,10000.0,balanced
35b3ea8f-f785-482c-9bb5-ab9bc9a2bdd9,SOL-USD,sell,105.10571434447229,0.22779738696244536,461.4,0.2627642858611807,filled,2024-01-26T00:00:00+00:00,2024-01-26,hermes_10000,Hermes,10000.0,balanced
51deb4a2-3acd-43a6-aa7c-6a1cad8447fe,SOL-USD,sell,107.72803868434994,0.21189622085828075,508.40000000000003,0.26932009671087487,filled,2024-01-29T00:00:00+00:00,2024-01-29,hermes_10000,Hermes,10000.0,balanced
3dc6a0be-52da-4b20-ac29-04c41bf41a13,BTC-USD,buy,1610.778954909018,0.007543095223732017,213543.5,4.026947387272545,filled,2024-02-05T00:00:00+00:00,2024-02-05,hermes_10000,Hermes,10000.0,risk_on
676fb4aa-bbde-455e-845a-1fdef229b25f,ETH-USD,buy,1070.0667179053034,0.09297530381525164,11509.15,2.6751667947632587,filled,2024-02-05T00:00:00+00:00,2024-02-05,hermes_10000,Hermes,10000.0,risk_on
b4fb703b-c33f-430e-b1c5-cd336a13d1d7,SOL-USD,buy,1389.5108474165368,2.905103172520462,478.29999999999995,3.473777118541342,filled,2024-02-05T00:00:00+00:00,2024-02-05,hermes_10000,Hermes,10000.0,risk_on
c30eff84-7161-43d3-8777-7878c3b8c3a7,BTC-USD,sell,103.31539052667449,0.00045625290454307866,226443.25,0.2582884763166862,filled,2024-02-08T00:00:00+00:00,2024-02-08,hermes_10000,Hermes,10000.0,risk_on
7748c236-32fe-46f5-b256-c71c726291c5,SOL-USD,sell,128.7246230046967,0.2407417673549592,534.7,0.32181155751174173,filled,2024-02-09T00:00:00+00:00,2024-02-09,hermes_10000,Hermes,10000.0,risk_on
af110f10-9209-40cc-8f2f-1738b3a7a7ef,BTC-USD,sell,196.28831712058582,0.0007864545361578702,249586.34999999998,0.4907207928014646,filled,2024-02-12T00:00:00+00:00,2024-02-12,hermes_10000,Hermes,10000.0,risk_on
9f257f2e-b768-4512-869f-04437d8d3116,ETH-USD,sell,138.8494587180735,0.010439848173720465,13299.949999999999,0.34712364679518376,filled,2024-02-12T00:00:00+00:00,2024-02-12,hermes_10000,Hermes,10000.0,risk_on
22206aca-48f1-473e-8162-e50c83fb4ede,ETH-USD,sell,121.16200918711502,0.008585165340139022,14112.95,0.30290502296778754,filled,2024-02-15T00:00:00+00:00,2024-02-15,hermes_10000,Hermes,10000.0,risk_on
8814505c-c0b1-4447-83e6-09d2c671eb08,BTC-USD,sell,127.76136774530642,0.000490219853136318,260620.55,0.31940341936326605,filled,2024-02-16T00:00:00+00:00,2024-02-16,hermes_10000,Hermes,10000.0,risk_on
3ad47ebf-eb1f-4d6e-a073-2f5a3355851c,ETH-USD,sell,144.1458188525571,0.009789854581129931,14724.0,0.36036454713139277,filled,2024-02-19T00:00:00+00:00,2024-02-19,hermes_10000,Hermes,10000.0,risk_on
32b1f4a9-0d09-4313-a9a0-8e3c95f683c0,BTC-USD,buy,104.243171902006,0.00040267973160654235,258873.65000000002,0.260607929755015,filled,2024-02-19T00:00:00+00:00,2024-02-19,hermes_10000,Hermes,10000.0,risk_on
f76b74a9-ac51-41a5-a53d-fd1f6c15e508,BTC-USD,sell,6530.015473879083,0.02499105595525916,261294.1,16.32503868469771,filled,2024-02-20T00:00:00+00:00,2024-02-20,hermes_10000,Hermes,10000.0,defense
8be7c73c-7b79-42ec-882e-267c4eeaf228,ETH-USD,sell,3896.0782906755157,0.25846260896544165,15074.05,9.740195726688789,filled,2024-02-20T00:00:00+00:00,2024-02-20,hermes_10000,Hermes,10000.0,defense
e7c73402-2fc9-41ee-a0b4-af297fa33da9,SOL-USD,sell,2864.461948660576,5.289376694045935,541.55,7.161154871651441,filled,2024-02-20T00:00:00+00:00,2024-02-20,hermes_10000,Hermes,10000.0,defense
db9f7518-cd4c-44a3-a352-0d6fde27d970,BTC-USD,buy,4574.394091957682,0.018029247083487188,253720.75,11.435985229894204,filled,2024-02-23T00:00:00+00:00,2024-02-23,hermes_10000,Hermes,10000.0,balanced
8497f537-2b30-4bd4-ad61-4fd56cde7f31,ETH-USD,buy,2668.3965536419814,0.18262678997221185,14611.199999999999,6.670991384104954,filled,2024-02-23T00:00:00+00:00,2024-02-23,hermes_10000,Hermes,10000.0,balanced
d0c614fe-b8b0-48e4-84f4-9ab223bfade1,SOL-USD,buy,1524.7980306525608,3.0526487100151365,499.5,3.811995076631402,filled,2024-02-23T00:00:00+00:00,2024-02-23,hermes_10000,Hermes,10000.0,balanced
d7716b1f-6406-42bc-a4cf-7fc6c7372e09,BTC-USD,sell,168.73536275006518,0.0006194797965068779,272382.35,0.42183840687516294,filled,2024-02-26T00:00:00+00:00,2024-02-26,hermes_10000,Hermes,10000.0,balanced
4f75b4f3-b429-47aa-96b2-1504d116f164,ETH-USD,sell,133.82586288291986,0.008427480549564529,15879.7,0.33456465720729966,filled,2024-02-26T00:00:00+00:00,2024-02-26,hermes_10000,Hermes,10000.0,balanced
db4d9489-04d8-4529-862f-65fd22317822,BTC-USD,sell,161.35822265166007,0.0005657985546018103,285186.69999999995,0.40339555662915016,filled,2024-02-27T00:00:00+00:00,2024-02-27,hermes_10000,Hermes,10000.0,balanced
08f420e1-0c4a-4d54-b578-034296b1fc5d,BTC-USD,sell,276.89336916379307,0.000887022442505676,312160.5,0.6922334229094826,filled,2024-02-28T00:00:00+00:00,2024-02-28,hermes_10000,Hermes,10000.0,balanced
6f80da44-1c8f-4890-8730-0ed6d4d4daea,SOL-USD,sell,156.40776899222647,0.26280394689108033,595.15,0.39101942248056615,filled,2024-02-28T00:00:00+00:00,2024-02-28,hermes_10000,Hermes,10000.0,balanced
89aa0944-e9ae-4421-a0fc-9b7493038b48,SOL-USD,sell,130.32797200859432,0.20138757939982121,647.1500000000001,0.3258199300214858,filled,2024-03-01T00:00:00+00:00,2024-03-01,hermes_10000,Hermes,10000.0,balanced
73b729db-8f47-426b-9932-d13878dc8582,BTC-USD,sell,254.96613804471326,0.0007472004849673722,341228.55000000005,0.6374153451117832,filled,2024-03-04T00:00:00+00:00,2024-03-04,hermes_10000,Hermes,10000.0,balanced
59458bbf-2aa6-47c6-a6fd-60f11a36621e,ETH-USD,sell,132.2667214109074,0.007291922365917667,18138.800000000003,0.3306668035272685,filled,2024-03-04T00:00:00+00:00,2024-03-04,hermes_10000,Hermes,10000.0,balanced
09fdd6e7-651e-4b32-97e3-d57762b276fc,BTC-USD,buy,221.54015842262106,0.0006953114169137224,318620.05,0.5538503960565526,filled,2024-03-05T00:00:00+00:00,2024-03-05,hermes_10000,Hermes,10000.0,balanced
b690b1cb-3fd5-4e21-9bfa-8c17b57f0848,ETH-USD,sell,163.6432421050904,0.00857087260507624,19092.95,0.409108105262726,filled,2024-03-06T00:00:00+00:00,2024-03-06,hermes_10000,Hermes,10000.0,balanced
ef65d151-a295-4271-ab7c-d0b73e4e3519,SOL-USD,sell,112.46568347304424,0.15639783545132005,719.0999999999999,0.2811642086826106,filled,2024-03-07T00:00:00+00:00,2024-03-07,hermes_10000,Hermes,10000.0,balanced
d3c24e65-1d3a-46b6-b420-598cf292c36a,BTC-USD,sell,140.54521821067283,0.0004126147208815923,340620.95,0.35136304552668207,filled,2024-03-08T00:00:00+00:00,2024-03-08,hermes_10000,Hermes,10000.0,balanced
463b6e43-fe81-4081-9d20-976f351257f7,BTC-USD,sell,5583.3290991341455,0.015492442500937582,360390.5,13.958322747835364,filled,2024-03-11T00:00:00+00:00,2024-03-11,hermes_10000,Hermes,10000.0,defense
9616c744-d7f7-4ef6-9e23-3f3c91e7b86c,ETH-USD,sell,3218.031319715404,0.15833651445165342,20324.0,8.04507829928851,filled,2024-03-11T00:00:00+00:00,2024-03-11,hermes_10000,Hermes,10000.0,defense
bfb68254-e08a-4450-bbd0-b107f471427d,SOL-USD,sell,1809.8169640172896,2.4320593482729147,744.1500000000001,4.524542410043224,filled,2024-03-11T00:00:00+00:00,2024-03-11,hermes_10000,Hermes,10000.0,defense
f2b409a0-0b31-403a-940c-923cb3c13376,BTC-USD,buy,5390.371233262703,0.015101418324078499,356944.7,13.475928083156758,filled,2024-03-14T00:00:00+00:00,2024-03-14,hermes_10000,Hermes,10000.0,balanced
b60a1bc3-2571-4ae6-8686-8cec4cee81e5,ETH-USD,buy,3144.383219403244,0.16201062521077073,19408.5,7.86095804850811,filled,2024-03-14T00:00:00+00:00,2024-03-14,hermes_10000,Hermes,10000.0,balanced
e71fc5d1-1cb3-40da-af37-e1a8a68eba38,SOL-USD,buy,1796.7904110875677,2.03429426672807,883.25,4.491976027718919,filled,2024-03-14T00:00:00+00:00,2024-03-14,hermes_10000,Hermes,10000.0,balanced
bd45fa4c-bc1a-4f88-954d-a7d5aff7a102,SOL-USD,sell,228.62711057482647,0.23338823047654808,979.5999999999999,0.5715677764370662,filled,2024-03-18T00:00:00+00:00,2024-03-18,hermes_10000,Hermes,10000.0,balanced
f68f59aa-874b-4b39-a706-f64a603a48f7,BTC-USD,buy,187.46894995215098,0.0005545599103095592,338049.95,0.46867237488037744,filled,2024-03-18T00:00:00+00:00,2024-03-18,hermes_10000,Hermes,10000.0,balanced
b1f8e151-4584-4e50-aefa-dd1b846f9c0b,ETH-USD,buy,235.5335897984346,0.01338084169673478,17602.3,0.5888339744960865,filled,2024-03-18T00:00:00+00:00,2024-03-18,hermes_10000,Hermes,10000.0,balanced
9dfc1a7e-27f2-4034-8574-8e2b8790e157,BTC-USD,sell,4848.452931472934,0.01565597823438806,309687.0,12.121132328682336,filled,2024-03-19T00:00:00+00:00,2024-03-19,hermes_10000,Hermes,10000.0,defense
4a253882-e3ca-469e-a986-02f44d013c60,ETH-USD,sell,2769.9925151636157,0.1753914669075055,15793.199999999999,6.9249812879090396,filled,2024-03-19T00:00:00+00:00,2024-03-19,hermes_10000,Hermes,10000.0,defense
4606ab68-cd23-476c-aab9-fd746305ba1c,SOL-USD,sell,1529.149315381167,1.800906036251522,849.0999999999999,3.822873288452918,filled,2024-03-19T00:00:00+00:00,2024-03-19,hermes_10000,Hermes,10000.0,defense
e7cc47b6-1fb7-4def-adba-b4fc46b456e4,BTC-USD,buy,5047.49464427827,0.014423885935526862,349940.0,12.618736610695676,filled,2024-03-26T00:00:00+00:00,2024-03-26,hermes_10000,Hermes,10000.0,balanced
6c549779-878e-482d-9535-96d202aefd8b,ETH-USD,buy,2944.3718758289915,0.16415394601717664,17936.65,7.360929689572479,filled,2024-03-26T00:00:00+00:00,2024-03-26,hermes_10000,Hermes,10000.0,balanced
06e71b07-bd04-466b-98a9-4646bdb5f982,SOL-USD,buy,1682.4982147594237,1.7667733012279991,952.3000000000001,4.206245536898559,filled,2024-03-26T00:00:00+00:00,2024-03-26,hermes_10000,Hermes,10000.0,balanced
e9d522f0-a501-4f43-9429-1871d289c654,BTC-USD,buy,162.4829116656365,0.0004964039364714448,327319.95,0.4062072791640912,filled,2024-04-02T00:00:00+00:00,2024-04-02,hermes_10000,Hermes,10000.0,balanced
8c5ae50f-2b3e-4f72-8cdf-e236f21c6823,ETH-USD,buy,157.55886452225468,0.009610295003431251,16394.8,0.39389716130563673,filled,2024-04-02T00:00:00+00:00,2024-04-02,hermes_10000,Hermes,10000.0,balanced
0affc4db-0134-4c56-b4fd-e67670538131,BTC-USD,sell,4920.956292538943,0.014920289871998307,329816.4,12.302390731347357,filled,2024-04-03T00:00:00+00:00,2024-04-03,hermes_10000,Hermes,10000.0,defense
957344f4-46e0-4723-b30b-dcdf1b2920f5,ETH-USD,sell,2876.5193104912964,0.1737642410206079,16554.15,7.191298276228241,filled,2024-04-03T00:00:00+00:00,2024-04-03,hermes_10000,Hermes,10000.0,defense
ee94d3d5-3a84-4f44-9724-208fd6355e1e,SOL-USD,sell,1634.7069969612062,1.7667733012279991,925.25,4.086767492403015,filled,2024-04-03T00:00:00+00:00,2024-04-03,hermes_10000,Hermes,10000.0,defense
9008f54f-2d85-46f9-a285-dd8bc20ab1da,BTC-USD,buy,4900.904952156492,0.014175527007076309,345730.0,12.25226238039123,filled,2024-04-09T00:00:00+00:00,2024-04-09,hermes_10000,Hermes,10000.0,balanced
aa765afa-763d-48bf-8df1-aa160165ada1,ETH-USD,buy,2858.8612220912873,0.16306578686861914,17531.95,7.147153055228219,filled,2024-04-09T00:00:00+00:00,2024-04-09,hermes_10000,Hermes,10000.0,balanced
1ec1150a-6d1a-4164-9a0c-779276818f15,SOL-USD,buy,1633.634984052164,1.8949483633594295,862.0999999999999,4.0840874601304105,filled,2024-04-09T00:00:00+00:00,2024-04-09,hermes_10000,Hermes,10000.0,balanced
5f18951a-5a42-47e5-b8d0-48023941ff4d,ETH-USD,buy,139.61650013014923,0.008625144026598211,16187.15,0.3490412503253731,filled,2024-04-12T00:00:00+00:00,2024-04-12,hermes_10000,Hermes,10000.0,balanced
c09428fe-e6ce-40ff-a3dd-17ea65ca231f,SOL-USD,buy,136.95531593393002,0.17883953504038919,765.8,0.34238828983482505,filled,2024-04-12T00:00:00+00:00,2024-04-12,hermes_10000,Hermes,10000.0,balanced
53e353e3-f7c3-483c-b7dc-32874c40672b,BTC-USD,sell,4495.058905167547,0.014175527007076309,317099.95,11.237647262918868,filled,2024-04-15T00:00:00+00:00,2024-04-15,hermes_10000,Hermes,10000.0,defense
69975483-f0e3-43b0-8416-26a4da09d65c,ETH-USD,sell,2662.9177536382763,0.17169093089521736,15509.949999999999,6.657294384095691,filled,2024-04-15T00:00:00+00:00,2024-04-15,hermes_10000,Hermes,10000.0,defense
dbb90618-fed9-4988-bdc6-3f739216ed37,SOL-USD,sell,1436.2018090367944,2.073787898399819,692.55,3.5905045225919863,filled,2024-04-15T00:00:00+00:00,2024-04-15,hermes_10000,Hermes,10000.0,defense
ed63adb4-7006-4c51-8343-4d7902ebe22a,BTC-USD,buy,4631.75577972603,0.013948130754738549,332070.0,11.579389449315075,filled,2024-04-23T00:00:00+00:00,2024-04-23,hermes_10000,Hermes,10000.0,balanced
0f441b0f-c905-4f0c-8c0c-53d5684202ae,ETH-USD,buy,2701.857538173518,0.167845386379922,16097.3,6.754643845433796,filled,2024-04-23T00:00:00+00:00,2024-04-23,hermes_10000,Hermes,10000.0,balanced
74b097a8-1f93-4a5f-8d08-c7cc998d2cbd,SOL-USD,buy,1543.91859324201,1.9953713644484783,773.75,3.859796483105025,filled,2024-04-23T00:00:00+00:00,2024-04-23,hermes_10000,Hermes,10000.0,balanced
763b7c36-e6fd-4711-9a3c-ebc0eef83af5,SOL-USD,buy,120.00765906948754,0.17238764500393242,696.15,0.30001914767371884,filled,2024-04-26T00:00:00+00:00,2024-04-26,hermes_10000,Hermes,10000.0,balanced
b9a447fc-1502-436a-b9d7-ee29b382c97e,BTC-USD,buy,187.99743609358575,0.0006197172867009024,303360.0,0.46999359023396436,filled,2024-04-30T00:00:00+00:00,2024-04-30,hermes_10000,Hermes,10000.0,balanced
026c3433-914e-42c7-ac19-4c7a6441725b,BTC-USD,buy,139.69484745492355,0.0004786941463515652,291824.85,0.3492371186373089,filled,2024-05-01T00:00:00+00:00,2024-05-01,hermes_10000,Hermes,10000.0,balanced
5fe6ae18-bcb2-4cd6-b4af-c24528e7be9b,BTC-USD,sell,4730.784081590483,0.015046542187791017,314410.05,11.826960203976208,filled,2024-05-03T00:00:00+00:00,2024-05-03,hermes_10000,Hermes,10000.0,defense
2949755a-2a8a-4e7c-aaf7-3eed38f0da64,ETH-USD,sell,2603.7938711810493,0.16784538637992202,15513.050000000001,6.509484677952623,filled,2024-05-03T00:00:00+00:00,2024-05-03,hermes_10000,Hermes,10000.0,defense
58ebc3e7-7fd9-4674-a3b7-4f22ed2f6bf6,SOL-USD,sell,1557.4264603410845,2.1677590094524106,718.45,3.8935661508527115,filled,2024-05-03T00:00:00+00:00,2024-05-03,hermes_10000,Hermes,10000.0,defense
8ee8ce90-1133-4296-8011-648c91a9a43a,BTC-USD,buy,4516.850852210641,0.014762631797152849,305965.15,11.292127130526604,filled,2024-05-08T00:00:00+00:00,2024-05-08,hermes_10000,Hermes,10000.0,balanced
4bd196d5-fc2b-474c-bb79-4b132473a720,ETH-USD,buy,2634.829663789541,0.1771784550377775,14871.05,6.587074159473852,filled,2024-05-08T00:00:00+00:00,2024-05-08,hermes_10000,Hermes,10000.0,balanced
db1f1314-0ec4-49dc-8214-e92454e96390,SOL-USD,buy,1505.6169507368807,2.117902589304938,710.9000000000001,3.7640423768422018,filled,2024-05-08T00:00:00+00:00,2024-05-08,hermes_10000,Hermes,10000.0,balanced
6514de4c-fa15-4d28-a261-5efbe272d7ea,BTC-USD,sell,232.5082794457394,0.0007023729677470925,331032.5,0.5812706986143484,filled,2024-05-15T00:00:00+00:00,2024-05-15,hermes_10000,Hermes,10000.0,balanced
5d6eb2ea-c33b-4ba2-8630-7c01effad89a,SOL-USD,sell,127.18204863467349,0.16046183274624462,792.6,0.31795512158668376,filled,2024-05-15T00:00:00+00:00,2024-05-15,hermes_10000,Hermes,10000.0,balanced
f9fd9246-302e-462e-b150-4a9d3744714d,ETH-USD,sell,360.77341937498295,0.019704811287132647,18308.9,0.9019335484374574,filled,2024-05-20T00:00:00+00:00,2024-05-20,hermes_10000,Hermes,10000.0,balanced
b38cb932-26db-42cc-b1d7-3f30ac33e6cc,SOL-USD,sell,179.7456913525798,0.19255028532681284,933.5,0.4493642283814495,filled,2024-05-20T00:00:00+00:00,2024-05-20,hermes_10000,Hermes,10000.0,balanced
c3b5e443-6fd1-4565-b5a0-a759271e647a,ETH-USD,sell,110.08156706229875,0.005809666828282602,18948.0,0.27520391765574687,filled,2024-05-21T00:00:00+00:00,2024-05-21,hermes_10000,Hermes,10000.0,balanced
359aac2f-ed82-4855-89c0-9f0581b5fcec,BTC-USD,buy,105.90797081390792,0.00031163312100005786,339848.25,0.2647699270347698,filled,2024-05-23T00:00:00+00:00,2024-05-23,hermes_10000,Hermes,10000.0,balanced
cf0b879b-b621-4d99-ac16-3ae601fac351,SOL-USD,buy,142.21281814064446,0.16960383797333864,838.5,0.35553204535161115,filled,2024-05-24T00:00:00+00:00,2024-05-24,hermes_10000,Hermes,10000.0,balanced
1e192a5e-3d6f-45a4-8fd5-123c52fe20fb,BTC-USD,sell,4915.071353308588,0.014371891950405814,341991.95,12.287678383271471,filled,2024-05-28T00:00:00+00:00,2024-05-28,hermes_10000,Hermes,10000.0,defense
83ec4256-c39e-44db-91c9-df2bb672f5cd,ETH-USD,sell,2915.5048771681845,0.15166397692236225,19223.45,7.288762192920461,filled,2024-05-28T00:00:00+00:00,2024-05-28,hermes_10000,Hermes,10000.0,defense
aba130e3-7fab-490d-92b8-178896e5b320,SOL-USD,sell,1631.5525003836822,1.9344943092052194,843.4000000000001,4.078881250959205,filled,2024-05-28T00:00:00+00:00,2024-05-28,hermes_10000,Hermes,10000.0,defense
e12696c0-12a9-4269-b414-18106cce7bea,BTC-USD,buy,6915.181381891481,0.019941234397486234,346778.0,17.2879534547287,filled,2024-06-07T00:00:00+00:00,2024-06-07,hermes_10000,Hermes,10000.0,risk_on
3af3c2fa-9d11-4783-938d-878ad718dc8c,ETH-USD,buy,4067.7537540538124,0.22117454457762303,18391.600000000002,10.169384385134531,filled,2024-06-07T00:00:00+00:00,2024-06-07,hermes_10000,Hermes,10000.0,risk_on
8ee90a17-da81-403a-b273-54838e654fdb,SOL-USD,buy,3254.20300324305,4.005172927068369,812.5,8.135507508107624,filled,2024-06-07T00:00:00+00:00,2024-06-07,hermes_10000,Hermes,10000.0,risk_on
4c46d231-cb3e-407d-bef5-793b5efa8277,SOL-USD,buy,151.5936192998529,0.20305889665776292,746.55,0.3789840482496322,filled,2024-06-11T00:00:00+00:00,2024-06-11,hermes_10000,Hermes,10000.0,risk_on
84ee99a1-66a6-4cea-ba08-4cc1636fd44e,BTC-USD,sell,2024.7120171342312,0.005932006075631475,341319.95,5.061780042835578,filled,2024-06-12T00:00:00+00:00,2024-06-12,hermes_10000,Hermes,10000.0,balanced
7f454690-ef18-4c50-bb75-91cb7a48228d,ETH-USD,sell,1147.7559505019062,0.06447849794399663,17800.6,2.8693898762547656,filled,2024-06-12T00:00:00+00:00,2024-06-12,hermes_10000,Hermes,10000.0,balanced
481ae6d7-c8ca-4b89-8c03-b5016a0179a7,SOL-USD,sell,1672.1323482758337,2.1545320812728175,776.1,4.180330870689584,filled,2024-06-12T00:00:00+00:00,2024-06-12,hermes_10000,Hermes,10000.0,balanced
252e9c8d-16ca-4f7e-8af2-236f7b92882e,BTC-USD,buy,2048.4067024510277,0.006285835504761704,325876.6,5.1210167561275695,filled,2024-06-18T00:00:00+00:00,2024-06-18,hermes_10000,Hermes,10000.0,risk_on
80c970b0-ce91-4200-9ce0-8e1beb5e4878,ETH-USD,buy,1161.2130488837965,0.06667086075660107,17417.1,2.9030326222094915,filled,2024-06-18T00:00:00+00:00,2024-06-18,hermes_10000,Hermes,10000.0,risk_on
fc66f46d-4d98-49c7-9a09-a0b96ee9a764,SOL-USD,buy,1701.3286021125155,2.476280623116972,687.05,4.2533215052812885,filled,2024-06-18T00:00:00+00:00,2024-06-18,hermes_10000,Hermes,10000.0,risk_on
431d3736-ca61-4333-9f32-0504cbf8fb7f,BTC-USD,buy,234.04568230619589,0.0007763571816642841,301466.5,0.5851142057654898,filled,2024-06-24T00:00:00+00:00,2024-06-24,hermes_10000,Hermes,10000.0,risk_on
ffede4cf-f882-4dec-b04f-0d5fd1bb1c46,SOL-USD,sell,297.4128217654834,0.3973185782719703,748.5500000000001,0.7435320544137085,filled,2024-06-27T00:00:00+00:00,2024-06-27,hermes_10000,Hermes,10000.0,risk_on
f3a136f6-15ec-467b-addd-e3454aea51d6,SOL-USD,buy,133.78412372427238,0.1910792311994178,700.15,0.33446030931068094,filled,2024-06-28T00:00:00+00:00,2024-06-28,hermes_10000,Hermes,10000.0,risk_on
105902f2-d0b9-4dfb-bb43-c489a5275430,SOL-USD,sell,218.14155974447795,0.28324554923648376,770.15,0.5453538993611948,filled,2024-07-02T00:00:00+00:00,2024-07-02,hermes_10000,Hermes,10000.0,risk_on
6fd7da18-a1c1-4af4-9673-60754e31711b,SOL-USD,buy,168.774108934354,0.23966786272984092,704.2,0.42193527233588496,filled,2024-07-03T00:00:00+00:00,2024-07-03,hermes_10000,Hermes,10000.0,risk_on
6e6206c2-b488-45d4-9c2f-f8dfa287917d,ETH-USD,buy,175.5732254934569,0.01147649936225492,15298.5,0.43893306373364227,filled,2024-07-04T00:00:00+00:00,2024-07-04,hermes_10000,Hermes,10000.0,risk_on
356355ef-6561-429a-87ac-ae8c08f8a74c,SOL-USD,buy,137.8930684203774,0.21569383453836605,639.3,0.3447326710509435,filled,2024-07-04T00:00:00+00:00,2024-07-04,hermes_10000,Hermes,10000.0,risk_on
d8f385fe-5018-44f0-9530-e50ecf65f64f,SOL-USD,sell,143.84674492885142,0.21418514730323324,671.5999999999999,0.3596168623221286,filled,2024-07-05T00:00:00+00:00,2024-07-05,hermes_10000,Hermes,10000.0,risk_on
de2862d8-4956-457e-81f4-c25f3ae2183b,BTC-USD,buy,144.34284584111174,0.0005097860852796316,283143.95,0.36085711460277936,filled,2024-07-05T00:00:00+00:00,2024-07-05,hermes_10000,Hermes,10000.0,risk_on
c6bb062f-5bdb-4599-8039-62a4c1a41b77,BTC-USD,sell,6246.58327779913,0.021581207093560376,289445.5,15.616458194497826,filled,2024-07-12T00:00:00+00:00,2024-07-12,hermes_10000,Hermes,10000.0,defense
7ce87dc7-3f82-4771-b63d-6461647ff72f,ETH-USD,sell,3679.855277767348,0.23484340675248241,15669.400000000001,9.19963819441837,filled,2024-07-12T00:00:00+00:00,2024-07-12,hermes_10000,Hermes,10000.0,defense
a21770af-f47a-4707-a683-172308ed6d46,SOL-USD,sell,2985.609899006446,4.281672019226224,697.3000000000001,7.464024747516115,filled,2024-07-12T00:00:00+00:00,2024-07-12,hermes_10000,Hermes,10000.0,defense
7ec37a1c-62ba-4639-a7c0-a32f45610ab8,BTC-USD,buy,4407.348034290843,0.013754052933446167,320439.95,11.018370085727108,filled,2024-07-17T00:00:00+00:00,2024-07-17,hermes_10000,Hermes,10000.0,balanced
6aeaba06-1e10-458d-bcbf-3d7f29943975,ETH-USD,buy,2570.953020002992,0.15181075094864216,16935.25,6.42738255000748,filled,2024-07-17T00:00:00+00:00,2024-07-17,hermes_10000,Hermes,10000.0,balanced
eb53e2fc-2276-4809-9938-93754496d643,SOL-USD,buy,1469.1160114302813,1.8895382783669212,777.5,3.6727900285757036,filled,2024-07-17T00:00:00+00:00,2024-07-17,hermes_10000,Hermes,10000.0,balanced
98cdb71e-3e5d-4e93-9fa9-d489262aa6b2,BTC-USD,sell,122.44011628668886,0.0003626135703252098,337660.05,0.3061002907167222,filled,2024-07-22T00:00:00+00:00,2024-07-22,hermes_10000,Hermes,10000.0,balanced
71bcb05b-1b4d-4751-95d5-b3811ba4c45c,SOL-USD,sell,182.94062835808086,0.20451719212753589,894.5,0.4573515708952022,filled,2024-07-22T00:00:00+00:00,2024-07-22,hermes_10000,Hermes,10000.0,balanced
c0e55858-8f9d-4c8b-be8a-47e66a60138b,BTC-USD,buy,1948.5939746860186,0.005910560783662883,329680.05,4.871484936715047,filled,2024-07-23T00:00:00+00:00,2024-07-23,hermes_10000,Hermes,10000.0,risk_on
c5a51efc-4419-4a10-a50c-22a5547e13c7,ETH-USD,buy,1099.8138106231636,0.06316213366928815,17412.550000000003,2.749534526557909,filled,2024-07-23T00:00:00+00:00,2024-07-23,hermes_10000,Hermes,10000.0,risk_on
9c947794-5ba6-48c0-ad04-5f8ccc040692,SOL-USD,buy,1536.7848888831504,1.7763218966458423,865.15,3.841962222207876,filled,2024-07-23T00:00:00+00:00,2024-07-23,hermes_10000,Hermes,10000.0,risk_on
a3d1d621-90ed-4503-a39a-fcd46350a571,SOL-USD,sell,108.83507714663119,0.12224539722187037,890.3,0.27208769286657797,filled,2024-07-24T00:00:00+00:00,2024-07-24,hermes_10000,Hermes,10000.0,risk_on
2de5e2ba-1007-437d-849f-9faf32531e77,ETH-USD,buy,130.45473445841844,0.00782147271327914,16679.05,0.3261368361460461,filled,2024-07-24T00:00:00+00:00,2024-07-24,hermes_10000,Hermes,10000.0,risk_on
3a0788f8-1e1f-44e5-b8bd-9a11aac95963,BTC-USD,sell,115.42430053963835,0.00035083400683325245,328999.75,0.28856075134909587,filled,2024-07-25T00:00:00+00:00,2024-07-25,hermes_10000,Hermes,10000.0,risk_on
56e68856-ecab-4c05-a821-31283d28de3a,ETH-USD,buy,130.2101192931077,0.008200972406887004,15877.4,0.32552529823276927,filled,2024-07-25T00:00:00+00:00,2024-07-25,hermes_10000,Hermes,10000.0,risk_on
5397551b-59e3-4969-9cd9-542fd378808b,BTC-USD,sell,6328.238778975483,0.018951166139950588,333923.45,15.820596947438707,filled,2024-07-29T00:00:00+00:00,2024-07-29,hermes_10000,Hermes,10000.0,defense
68c02a9c-8333-4d23-9398-528da0aaa6a9,ETH-USD,sell,3831.819828294465,0.23099532973809644,16588.3,9.579549570736162,filled,2024-07-29T00:00:00+00:00,2024-07-29,hermes_10000,Hermes,10000.0,defense
328746f6-3885-4964-801d-2caf01abbb4c,SOL-USD,sell,3048.0952310727953,3.339097585663357,912.8499999999999,7.6202380776819885,filled,2024-07-29T00:00:00+00:00,2024-07-29,hermes_10000,Hermes,10000.0,defense
301bcb38-4bc4-4f2c-ba8f-01f05c20c911,BTC-USD,buy,6371.90322508948,0.01949965197271562,326770.1,15.9297580627237,filled,2024-08-01T00:00:00+00:00,2024-08-01,hermes_10000,Hermes,10000.0,risk_on
e0536474-1100-4618-85e1-797f78ea5ac1,ETH-USD,buy,3748.178367699694,0.23401250968968557,16017.0,9.370445919249235,filled,2024-08-01T00:00:00+00:00,2024-08-01,hermes_10000,Hermes,10000.0,risk_on
cedf5ddb-67a3-41b7-bb46-90917fcaf023,SOL-USD,buy,2998.542694159755,3.5831304226082987,836.85,7.496356735399387,filled,2024-08-01T00:00:00+00:00,2024-08-01,hermes_10000,Hermes,10000.0,risk_on
c781221e-c304-414d-97f1-2176c7b7e5ad,SOL-USD,buy,114.29878975057136,0.1496351243707159,763.85,0.28574697437642843,filled,2024-08-02T00:00:00+00:00,2024-08-02,hermes_10000,Hermes,10000.0,risk_on
c9e8aed4-f130-4bde-8929-71b7ef894d99,BTC-USD,buy,171.52250067353543,0.0006350473128657793,270094.05,0.42880625168383857,filled,2024-08-05T00:00:00+00:00,2024-08-05,hermes_10000,Hermes,10000.0,risk_on
bdb181aa-6d4f-46e9-80d2-ddd6255d51dc,ETH-USD,buy,367.90628520836617,0.030410630330623464,12097.95,0.9197657130209155,filled,2024-08-05T00:00:00+00:00,2024-08-05,hermes_10000,Hermes,10000.0,risk_on
b56c782d-83f9-46b1-88b4-31216df7b6b3,SOL-USD,buy,136.99077801227577,0.21111231008210166,648.9,0.34247694503068943,filled,2024-08-05T00:00:00+00:00,2024-08-05,hermes_10000,Hermes,10000.0,risk_on
9d254ac9-a265-45c9-836d-dd801b1ebedd,BTC-USD,sell,5639.931623619169,0.020134699285581398,280110.05,14.099829059047922,filled,2024-08-06T00:00:00+00:00,2024-08-06,hermes_10000,Hermes,10000.0,defense
c118e1f2-9ee9-4d91-9a30-f587018710f4,ETH-USD,sell,3254.1630361309362,0.26442314002030903,12306.65,8.135407590327342,filled,2024-08-06T00:00:00+00:00,2024-08-06,hermes_10000,Hermes,10000.0,defense
bcee6d72-9de2-45ad-84e4-4ca023bcac8c,SOL-USD,sell,2847.479812798126,3.943877857061117,722.0,7.118699531995316,filled,2024-08-06T00:00:00+00:00,2024-08-06,hermes_10000,Hermes,10000.0,defense
91455208-7090-4388-9555-01072033dca1,BTC-USD,buy,5613.058768407858,0.012161219221301993,461553.94999999995,14.032646921019646,filled,2024-11-19T00:00:00+00:00,2024-11-19,hermes_10000,Hermes,10000.0,risk_on
13cc3285-8f08-486b-9de8-1b886a790bbc,ETH-USD,buy,3301.799275534034,0.2125092858130187,15537.2,8.254498188835086,filled,2024-11-19T00:00:00+00:00,2024-11-19,hermes_10000,Hermes,10000.0,risk_on
c2f5f30a-78c4-4dc3-b731-40af49bb28f4,SOL-USD,buy,2641.439420427227,2.2231531544226124,1188.15,6.6035985510680675,filled,2024-11-19T00:00:00+00:00,2024-11-19,hermes_10000,Hermes,10000.0,risk_on
f8ce9edc-f3d1-4960-97ef-3217357ed278,BTC-USD,sell,110.77675455401004,0.0002349788868190971,471432.8,0.2769418863850251,filled,2024-11-20T00:00:00+00:00,2024-11-20,hermes_10000,Hermes,10000.0,risk_on
7371c817-d09b-439e-a4a0-9e2397355d43,ETH-USD,sell,103.19817292167409,0.006150418106011609,16779.05,0.2579954323041852,filled,2024-11-21T00:00:00+00:00,2024-11-21,hermes_10000,Hermes,10000.0,risk_on
9be8fe68-20ea-42b0-b8b5-3b75d2448976,ETH-USD,sell,161.1137903528247,0.009437063242406611,17072.449999999997,0.4027844758820618,filled,2024-11-25T00:00:00+00:00,2024-11-25,hermes_10000,Hermes,10000.0,risk_on
027cd2f0-9a26-4cbf-821f-bdd5ad8b3e74,BTC-USD,buy,168.9953592105485,0.00036339176656479983,465050.05,0.4224883980263712,filled,2024-11-25T00:00:00+00:00,2024-11-25,hermes_10000,Hermes,10000.0,risk_on
39139add-5a4e-4042-bf45-be38e117ecbe,BTC-USD,sell,1662.8931786358226,0.0036163546687372097,459825.80000000005,4.1572329465895566,filled,2024-11-26T00:00:00+00:00,2024-11-26,hermes_10000,Hermes,10000.0,balanced
d3ee8bb4-b410-4797-b544-86cc3ef9cafe,ETH-USD,sell,947.1110599930548,0.056973712752196704,16623.65,2.3677776499826373,filled,2024-11-26T00:00:00+00:00,2024-11-26,hermes_10000,Hermes,10000.0,balanced
5e546ea3-11b0-4009-b83e-d2ff5b92330d,SOL-USD,sell,1234.8970946573907,1.0706117253954577,1153.45,3.0872427366434767,filled,2024-11-26T00:00:00+00:00,2024-11-26,hermes_10000,Hermes,10000.0,balanced
484b6aca-c378-458e-8810-152ea0ef2d7d,ETH-USD,sell,166.30148068403741,0.009104228566331482,18266.4,0.41575370171009357,filled,2024-11-27T00:00:00+00:00,2024-11-27,hermes_10000,Hermes,10000.0,balanced
95c684d1-80e0-48a9-8423-e18d778093f2,BTC-USD,sell,120.43923303255906,0.0002471562344193701,487300.0,0.30109808258139764,filled,2024-11-29T00:00:00+00:00,2024-11-29,hermes_10000,Hermes,10000.0,balanced
667f2343-005d-4f97-b4b4-8ec4a3de9435,BTC-USD,buy,1706.249374582948,0.003461397215347669,492936.60000000003,4.2656234364573695,filled,2024-12-04T00:00:00+00:00,2024-12-04,hermes_10000,Hermes,10000.0,risk_on
820d66f9-1676-4102-92ad-b4fc26467a3c,ETH-USD,buy,936.1741154190318,0.04878701940794371,19189.0,2.3404352885475794,filled,2024-12-04T00:00:00+00:00,2024-12-04,hermes_10000,Hermes,10000.0,risk_on
61fc7edb-cf0d-43f1-ad76-72e2ce36135a,SOL-USD,buy,1437.0252619553478,1.2542223538776764,1145.75,3.5925631548883694,filled,2024-12-04T00:00:00+00:00,2024-12-04,hermes_10000,Hermes,10000.0,risk_on
daaad382-2653-4171-9e30-3e9812aed99e,SOL-USD,buy,106.47462943186429,0.09969534590998529,1068.0,0.26618657357966075,filled,2024-12-10T00:00:00+00:00,2024-12-10,hermes_10000,Hermes,10000.0,risk_on
0c808a1d-e6de-4ff3-b36c-258e80c63cb3,BTC-USD,sell,110.22736194620666,0.00021800219915195384,505625.0,0.27556840486551665,filled,2024-12-11T00:00:00+00:00,2024-12-11,hermes_10000,Hermes,10000.0,risk_on
4474e3f3-859e-4542-8fa4-5fabb284d76f,BTC-USD,sell,1954.354222281826,0.0036854212985188116,530293.3,4.885885555704565,filled,2024-12-16T00:00:00+00:00,2024-12-16,hermes_10000,Hermes,10000.0,balanced
f82f2dca-77b3-4891-a7dc-8dacb19a07ac,ETH-USD,sell,1110.4770228582265,0.05571551250593174,19931.199999999997,2.7761925571455666,filled,2024-12-16T00:00:00+00:00,2024-12-16,hermes_10000,Hermes,10000.0,balanced
c787b7f6-293c-466d-a4f8-cbf3b2eff00a,SOL-USD,sell,1298.0529818624468,1.2008446106318023,1080.95,3.245132454656117,filled,2024-12-16T00:00:00+00:00,2024-12-16,hermes_10000,Hermes,10000.0,balanced
4f954911-938c-4ee3-86d7-c944c5076818,BTC-USD,buy,106.42692616715703,0.0002124204932859614,501020.05,0.2660673154178926,filled,2024-12-18T00:00:00+00:00,2024-12-18,hermes_10000,Hermes,10000.0,balanced
05e5573d-a7e3-4d81-aeae-b7c522e3eec0,ETH-USD,buy,148.44617286375296,0.008186068868630911,18134.0,0.3711154321593824,filled,2024-12-18T00:00:00+00:00,2024-12-18,hermes_10000,Hermes,10000.0,balanced
eca629b7-432b-4776-a7b7-2108c63cbf9d,BTC-USD,buy,107.51988283340052,0.00022664042374849488,474407.35,0.2687997070835013,filled,2024-12-23T00:00:00+00:00,2024-12-23,hermes_10000,Hermes,10000.0,balanced
2ceb5c2c-e8ea-4fc7-8a5c-5d9f0d68bdd8,BTC-USD,buy,1591.1409091626583,0.0032253865289758555,493317.9,3.9778522729066457,filled,2024-12-24T00:00:00+00:00,2024-12-24,hermes_10000,Hermes,10000.0,risk_on
d5796b2c-75ce-4d04-876b-bb590d5957b5,ETH-USD,buy,1072.9850403038768,0.06143313773145826,17465.899999999998,2.682462600759692,filled,2024-12-24T00:00:00+00:00,2024-12-24,hermes_10000,Hermes,10000.0,risk_on
91ad1caf-7ad6-40aa-9f93-9f34e3eb3465,SOL-USD,buy,1417.586622880014,1.4385170458978271,985.45,3.5439665572000347,filled,2024-12-24T00:00:00+00:00,2024-12-24,hermes_10000,Hermes,10000.0,risk_on
c482906c-d8d5-4a9b-a4a5-c38706023c19,BTC-USD,buy,152.38397359263945,0.0003284418731834019,463960.25,0.3809599339815986,filled,2024-12-30T00:00:00+00:00,2024-12-30,hermes_10000,Hermes,10000.0,risk_on
b8922752-5d15-4765-9fde-17b82e3044bc,SOL-USD,sell,151.35838806163792,0.145320328415955,1041.55,0.3783959701540948,filled,2025-01-02T00:00:00+00:00,2025-01-02,hermes_10000,Hermes,10000.0,risk_on
8799adba-7c14-4037-a1c2-62f8e9c7ca70,BTC-USD,sell,143.61593187185645,0.0002809509248673778,511178.0,0.3590398296796411,filled,2025-01-06T00:00:00+00:00,2025-01-06,hermes_10000,Hermes,10000.0,risk_on
df11008a-91be-42de-b726-a65854ef471c,ETH-USD,buy,111.3713099257202,0.006919191720037288,16096.0,0.2784282748143005,filled,2025-01-09T00:00:00+00:00,2025-01-09,hermes_10000,Hermes,10000.0,risk_on
637e5cda-5571-4604-9375-c1f7132861b2,SOL-USD,buy,177.95239434267205,0.19243297576931284,924.75,0.4448809858566801,filled,2025-01-09T00:00:00+00:00,2025-01-09,hermes_10000,Hermes,10000.0,risk_on
5103ee0f-8ae6-4bd5-ba6a-3b4db271eb29,BTC-USD,sell,1708.683334473591,0.003539080605689699,482804.3,4.271708336183978,filled,2025-01-14T00:00:00+00:00,2025-01-14,hermes_10000,Hermes,10000.0,balanced
427f7861-6395-44ef-b126-05e3e2c60e02,ETH-USD,sell,935.6582040238859,0.058013982014297104,16128.150000000001,2.3391455100597147,filled,2025-01-14T00:00:00+00:00,2025-01-14,hermes_10000,Hermes,10000.0,balanced
10a406a7-8fd6-4847-9ee6-f443cf44fb3a,SOL-USD,sell,1305.0311035313505,1.3915136786600741,937.8499999999999,3.2625777588283764,filled,2025-01-14T00:00:00+00:00,2025-01-14,hermes_10000,Hermes,10000.0,balanced
cf4fdb64-26df-4e1a-8f7d-3c49379a08a4,SOL-USD,sell,136.67577986680794,0.1294646015599204,1055.6999999999998,0.34168944966701986,filled,2025-01-16T00:00:00+00:00,2025-01-16,hermes_10000,Hermes,10000.0,balanced
7c147474-9ee7-4134-813c-348675946fd6,BTC-USD,sell,140.701331806933,0.00027037805259491876,520387.39999999997,0.3517533295173325,filled,2025-01-17T00:00:00+00:00,2025-01-17,hermes_10000,Hermes,10000.0,balanced
fa046124-e9d8-4912-8e2e-5ad3b0b97ee7,SOL-USD,sell,175.24591233053593,0.14471771116110155,1210.95,0.4381147808263398,filled,2025-01-20T00:00:00+00:00,2025-01-20,hermes_10000,Hermes,10000.0,balanced
2f8558f0-6d1b-4936-b483-f24e541ec01f,ETH-USD,buy,101.77185438453989,0.006395838060390134,15912.2,0.2544296359613497,filled,2025-01-27T00:00:00+00:00,2025-01-27,hermes_10000,Hermes,10000.0,balanced
1d5a87c2-98d6-42e2-ab29-fcd2eda4f6f7,ETH-USD,buy,174.7611558848198,0.01213661279105662,14399.5,0.4369028897120495,filled,2025-02-03T00:00:00+00:00,2025-02-03,hermes_10000,Hermes,10000.0,balanced
af9e3e5d-efa6-404f-b2c8-62a9a657b5ab,SOL-USD,buy,107.35771462805246,0.09927659943411546,1081.4,0.26839428657013115,filled,2025-02-03T00:00:00+00:00,2025-02-03,hermes_10000,Hermes,10000.0,balanced
cd95f9cb-b3b5-4f95-b775-a2109d194269,SOL-USD,buy,123.09739125539,0.12989067347830538,947.6999999999999,0.30774347813847497,filled,2025-02-06T00:00:00+00:00,2025-02-06,hermes_10000,Hermes,10000.0,balanced
507aae2d-d1d3-4c53-9320-c6418120acb4,BTC-USD,sell,3805.5404129398544,0.00788657465160974,482534.0,9.513851032349637,filled,2025-02-07T00:00:00+00:00,2025-02-07,hermes_10000,Hermes,10000.0,defense
ee861156-b9dc-4580-8177-332be2e2a616,ETH-USD,sell,2110.426515880877,0.16097223720536036,13110.5,5.276066289702193,filled,2025-02-07T00:00:00+00:00,2025-02-07,hermes_10000,Hermes,10000.0,defense
f3d9dee8-3dff-4ba9-a4ce-58f950e3cd82,SOL-USD,sell,1300.4591374722545,1.3547154929655236,959.95,3.2511478436806365,filled,2025-02-07T00:00:00+00:00,2025-02-07,hermes_10000,Hermes,10000.0,defense
9579f99c-3264-45de-ba7c-0cd162064389,BTC-USD,buy,3838.2537817483676,0.007843576527898629,489349.95,9.59563445437092,filled,2025-02-12T00:00:00+00:00,2025-02-12,hermes_10000,Hermes,10000.0,balanced
e7e05ae0-5950-4b0c-8df5-d8ac1ed6a502,ETH-USD,buy,2238.981372686548,0.1635325495795921,13691.35,5.597453431716371,filled,2025-02-12T00:00:00+00:00,2025-02-12,hermes_10000,Hermes,10000.0,balanced
7d4d4463-fc66-45c1-aa42-a3428f2000b3,SOL-USD,buy,1279.417927249456,1.3003536205401525,983.9,3.19854481812364,filled,2025-02-12T00:00:00+00:00,2025-02-12,hermes_10000,Hermes,10000.0,balanced
d59030a4-f37c-472b-ba7e-df237a27c88a,SOL-USD,buy,107.49587113410462,0.12110164043722708,887.65,0.26873967783526154,filled,2025-02-17T00:00:00+00:00,2025-02-17,hermes_10000,Hermes,10000.0,balanced
15256c11-ec12-44d1-a193-349308189a71,SOL-USD,buy,205.1986985206105,0.289399476088584,709.05,0.5129967463015263,filled,2025-02-24T00:00:00+00:00,2025-02-24,hermes_10000,Hermes,10000.0,balanced
1e2fd93f-daa4-493d-bb52-40118bafcfea,BTC-USD,buy,135.90403974629226,0.00030650299219735645,443402.0,0.33976009936573065,filled,2025-02-25T00:00:00+00:00,2025-02-25,hermes_10000,Hermes,10000.0,balanced
848cf174-4064-4547-9558-e90b769c7cfa,ETH-USD,buy,143.31282080575465,0.012267990156161453,11681.849999999999,0.3582820520143866,filled,2025-02-26T00:00:00+00:00,2025-02-26,hermes_10000,Hermes,10000.0,balanced
5e38154a-bfa8-460d-beed-a7a25358a53a,BTC-USD,sell,3451.908315172062,0.008150079520095985,423542.9,8.629770787930156,filled,2025-02-27T00:00:00+00:00,2025-02-27,hermes_10000,Hermes,10000.0,defense
0ebc56d3-d2da-4570-9254-d5c62885258e,ETH-USD,sell,2028.4921077949657,0.17580053973575355,11538.599999999999,5.0712302694874145,filled,2025-02-27T00:00:00+00:00,2025-02-27,hermes_10000,Hermes,10000.0,defense
3897f3a3-9cd1-4178-a9fe-4161c84502eb,SOL-USD,sell,1177.7524009962096,1.710854737065964,688.4000000000001,2.944381002490524,filled,2025-02-27T00:00:00+00:00,2025-02-27,hermes_10000,Hermes,10000.0,defense
5cbab4a2-ac10-4384-8a4d-1b491f05c02b,BTC-USD,buy,3519.79094624416,0.008488276972153446,414664.95,8.7994773656104,filled,2025-03-11T00:00:00+00:00,2025-03-11,hermes_10000,Hermes,10000.0,balanced
f1ece45b-4b7a-46e1-ab92-80bf4400a925,ETH-USD,buy,2053.2113853090937,0.21349478642935732,9617.15,5.133028463272734,filled,2025-03-11T00:00:00+00:00,2025-03-11,hermes_10000,Hermes,10000.0,balanced
076466ab-3e84-4039-8daa-99db18b463be,SOL-USD,buy,1173.2636487480534,1.8719802931759926,626.75,2.9331591218701334,filled,2025-03-11T00:00:00+00:00,2025-03-11,hermes_10000,Hermes,10000.0,balanced
79f14b4e-c251-400f-820e-9de07f5f2799,BTC-USD,sell,3564.363313038786,0.008488276972153446,419916.0,8.910908282596965,filled,2025-03-14T00:00:00+00:00,2025-03-14,hermes_10000,Hermes,10000.0,defense
adb5b004-ba8d-4222-b1cf-1ce4d09d9fe3,ETH-USD,sell,2040.6365423884047,0.21349478642935732,9558.25,5.101591355971012,filled,2025-03-14T00:00:00+00:00,2025-03-14,hermes_10000,Hermes,10000.0,defense
619c10b0-f274-41c5-8ebe-8ee0c7064437,SOL-USD,sell,1249.92124175361,1.8719802931759926,667.6999999999999,3.124803104384025,filled,2025-03-14T00:00:00+00:00,2025-03-14,hermes_10000,Hermes,10000.0,defense
ef1f5a97-8373-4ba8-b340-fb177d668c56,BTC-USD,buy,3537.7074620487497,0.008096100887975757,436964.35,8.844268655121875,filled,2025-03-25T00:00:00+00:00,2025-03-25,hermes_10000,Hermes,10000.0,balanced
793d9ad1-4f6d-44a1-ae17-1cee12b177b2,ETH-USD,buy,2063.662686195104,0.19975923202043452,10330.75,5.15915671548776,filled,2025-03-25T00:00:00+00:00,2025-03-25,hermes_10000,Hermes,10000.0,balanced
959a6d3e-2337-44ab-9707-0d588cb4c525,SOL-USD,buy,1179.2358206829165,1.6419323596253363,718.1999999999999,2.9480895517072914,filled,2025-03-25T00:00:00+00:00,2025-03-25,hermes_10000,Hermes,10000.0,balanced
909b3494-3d39-408a-b72f-3dc8d013a5b9,ETH-USD,buy,109.91998680499546,0.011589434003373447,9484.5,0.27479996701248866,filled,2025-03-28T00:00:00+00:00,2025-03-28,hermes_10000,Hermes,10000.0,balanced
5dbeb5d0-55fd-4265-ac47-132c7d6c9998,BTC-USD,sell,3341.6660463170383,0.008096100887975757,412750.05,8.354165115792595,filled,2025-03-31T00:00:00+00:00,2025-03-31,hermes_10000,Hermes,10000.0,defense
50390307-311c-4237-b7ad-76869982b5a5,ETH-USD,sell,1925.8407471088417,0.21134866602380797,9112.15,4.8146018677721045,filled,2025-03-31T00:00:00+00:00,2025-03-31,hermes_10000,Hermes,10000.0,defense
6cf84b2e-b420-44d6-8285-a8fa78dabe4b,SOL-USD,sell,1022.431280338697,1.6419323596253363,622.7,2.5560782008467426,filled,2025-03-31T00:00:00+00:00,2025-03-31,hermes_10000,Hermes,10000.0,defense
2f64e2bf-960b-432a-b38b-359902b804c7,BTC-USD,buy,4796.348963608479,0.007984993040456927,600670.4,11.990872409021197,filled,2025-08-12T00:00:00+00:00,2025-08-12,hermes_10000,Hermes,10000.0,risk_on
36160fcc-9516-4e8d-969e-5737bf7011ca,ETH-USD,buy,2821.381743299105,0.12292209785815571,22952.600000000002,7.0534543582477625,filled,2025-08-12T00:00:00+00:00,2025-08-12,hermes_10000,Hermes,10000.0,risk_on
420e1190-b80b-4289-abae-8d3bc2a1f609,SOL-USD,buy,2257.105394639284,2.3538485709034145,958.9,5.64276348659821,filled,2025-08-12T00:00:00+00:00,2025-08-12,hermes_10000,Hermes,10000.0,risk_on
ee7a2f0c-2450-47e1-8114-6253d2bb87ef,BTC-USD,sell,4640.360926814196,0.007984993040456927,581135.25,11.60090231703549,filled,2025-08-18T00:00:00+00:00,2025-08-18,hermes_10000,Hermes,10000.0,defense
fa985c31-ea82-4896-a0c2-e42a2aca6cd0,ETH-USD,sell,2650.8088942062345,0.12292209785815571,21564.949999999997,6.627022235515587,filled,2025-08-18T00:00:00+00:00,2025-08-18,hermes_10000,Hermes,10000.0,defense
fb8a5005-2a08-432f-93d2-e4854a467313,SOL-USD,sell,2153.0652878053534,2.3538485709034145,914.7,5.3826632195133834,filled,2025-08-18T00:00:00+00:00,2025-08-18,hermes_10000,Hermes,10000.0,defense
0996b880-1f2f-462b-8400-d1ed3dcb3066,BTC-USD,buy,4633.523415554494,0.008237374960985767,562500.0,11.583808538886235,filled,2025-08-21T00:00:00+00:00,2025-08-21,hermes_10000,Hermes,10000.0,risk_on
464c5d1d-3d28-4181-ab5b-0f3d2cd85b27,ETH-USD,buy,2725.602009149702,0.12901341959859428,21126.5,6.814005022874255,filled,2025-08-21T00:00:00+00:00,2025-08-21,hermes_10000,Hermes,10000.0,risk_on
cfa92110-b009-4d1c-b4bf-8120fb679868,SOL-USD,buy,2180.4816073197617,2.418860288778925,901.4499999999999,5.451204018299404,filled,2025-08-21T00:00:00+00:00,2025-08-21,hermes_10000,Hermes,10000.0,risk_on
16a7cb03-6449-4012-9ef7-55ad19ababef,ETH-USD,sell,232.01003111109412,0.009602925086395443,24160.35,0.5800250777777353,filled,2025-08-22T00:00:00+00:00,2025-08-22,hermes_10000,Hermes,10000.0,risk_on
bec25dbd-4f38-4303-9dbf-e34bfa1f7983,SOL-USD,sell,119.20588390497005,0.11879603757533513,1003.45,0.2980147097624251,filled,2025-08-22T00:00:00+00:00,2025-08-22,hermes_10000,Hermes,10000.0,risk_on
d8f95c5a-dbc9-42e0-82d4-a123c570d8cb,BTC-USD,buy,128.1796729996604,0.00023281694326023452,550559.9,0.320449182499151,filled,2025-08-25T00:00:00+00:00,2025-08-25,hermes_10000,Hermes,10000.0,risk_on
020363cd-33c5-4ce4-ab58-fa3de53c4df3,ETH-USD,buy,130.33679755890398,0.005956647009899226,21880.9,0.32584199389726,filled,2025-08-25T00:00:00+00:00,2025-08-25,hermes_10000,Hermes,10000.0,risk_on
52cf27da-871e-463b-a124-2de7dedd7bdb,BTC-USD,sell,4733.279606182324,0.008470191904246001,558816.1,11.83319901545581,filled,2025-08-26T00:00:00+00:00,2025-08-26,hermes_10000,Hermes,10000.0,defense
422f062a-1d75-4b90-b7d6-ad625e7e98f0,ETH-USD,sell,2883.83916150405,0.12536714152209805,23003.15,7.209597903760125,filled,2025-08-26T00:00:00+00:00,2025-08-26,hermes_10000,Hermes,10000.0,defense
0844e973-4b8d-4009-9aae-1b6bba4d8a22,SOL-USD,sell,2252.4529212036755,2.30006425120359,979.3000000000001,5.631132303009188,filled,2025-08-26T00:00:00+00:00,2025-08-26,hermes_10000,Hermes,10000.0,defense
f2dd7cdf-b528-4e13-8303-246e93ff2ce3,BTC-USD,buy,4760.2131355639995,0.008558455065877825,556200.0499999999,11.90053283891,filled,2025-09-02T00:00:00+00:00,2025-09-02,hermes_10000,Hermes,10000.0,risk_on
c49ebabb-9a4b-4d24-acd6-2fbddaef73f0,ETH-USD,buy,2800.1253738611763,0.12944067370212303,21632.5,7.0003134346529405,filled,2025-09-02T00:00:00+00:00,2025-09-02,hermes_10000,Hermes,10000.0,risk_on
4ee6ae08-fea1-44a3-b950-7263527a920a,SOL-USD,buy,2240.100299088941,2.1369905071203825,1048.25,5.600250747722352,filled,2025-09-02T00:00:00+00:00,2025-09-02,hermes_10000,Hermes,10000.0,risk_on
11884dc7-d4b0-4637-9135-c430474ea62d,SOL-USD,sell,112.35866990182876,0.10028890070230621,1120.35,0.2808966747545719,filled,2025-09-10T00:00:00+00:00,2025-09-10,hermes_10000,Hermes,10000.0,risk_on
77b90a02-5f64-45f6-80bc-39ad24ed8d31,SOL-USD,sell,103.21870735252696,0.08524131418988104,1210.9,0.2580467683813174,filled,2025-09-12T00:00:00+00:00,2025-09-12,hermes_10000,Hermes,10000.0,risk_on
c7ec3888-5ecc-4a15-a465-abd47d946d5b,BTC-USD,sell,1490.3699075426557,0.0025522445058893503,583944.8,3.7259247688566393,filled,2025-09-16T00:00:00+00:00,2025-09-16,hermes_10000,Hermes,10000.0,balanced
e1691c0a-d68f-4bb2-8333-ed5715bcc74c,ETH-USD,sell,867.3277198537712,0.03853685142942451,22506.45,2.1683192996344283,filled,2025-09-16T00:00:00+00:00,2025-09-16,hermes_10000,Hermes,10000.0,balanced
a6b5e798-c1eb-471e-a247-84336b929c22,SOL-USD,sell,1142.9916794951796,0.9647127612214548,1184.8,2.857479198737949,filled,2025-09-16T00:00:00+00:00,2025-09-16,hermes_10000,Hermes,10000.0,balanced
26a17c93-4f35-4d0a-bfee-03e3f40a6b88,BTC-USD,buy,1465.8991796478354,0.002602550016911232,563254.9500000001,3.6647479491195885,filled,2025-09-22T00:00:00+00:00,2025-09-22,hermes_10000,Hermes,10000.0,risk_on
c77ce748-2b16-4d61-b7d2-cc09fa441ed5,ETH-USD,buy,943.7478947402651,0.044950222179156625,20995.4,2.3593697368506628,filled,2025-09-22T00:00:00+00:00,2025-09-22,hermes_10000,Hermes,10000.0,risk_on
d354959b-072f-4c0c-a10d-b22d89531a2e,SOL-USD,buy,1194.5508994912564,1.0840828564218679,1101.9,2.986377248728141,filled,2025-09-22T00:00:00+00:00,2025-09-22,hermes_10000,Hermes,10000.0,risk_on
00a12383-f5fa-4d2b-b965-3833d60b1549,SOL-USD,buy,178.48291213518883,0.18520588578934194,963.7,0.4462072803379721,filled,2025-09-25T00:00:00+00:00,2025-09-25,hermes_10000,Hermes,10000.0,risk_on
d83dfc28-ba98-4f87-88bc-110fc754c743,SOL-USD,sell,116.02226756660639,0.10906911169598721,1063.75,0.29005566891651596,filled,2025-09-29T00:00:00+00:00,2025-09-29,hermes_10000,Hermes,10000.0,risk_on
f643ebd0-928a-4abb-b831-d9eac138d98f,BTC-USD,sell,124.42971623919493,0.0002098397516441376,592974.9500000001,0.31107429059798736,filled,2025-10-01T00:00:00+00:00,2025-10-01,hermes_10000,Hermes,10000.0,risk_on
6241b02a-49e5-4338-87f0-f5ce84fcd5b7,SOL-USD,sell,126.62505918439547,0.10788537035391962,1173.7,0.31656264796098865,filled,2025-10-02T00:00:00+00:00,2025-10-02,hermes_10000,Hermes,10000.0,risk_on
63ff8db9-d9d9-4da4-93c8-64b8eacf4651,ETH-USD,sell,133.25200051004367,0.005689654826101723,23420.050000000003,0.33313000127510917,filled,2025-10-06T00:00:00+00:00,2025-10-06,hermes_10000,Hermes,10000.0,risk_on
a1417ada-2e34-4934-ba08-8b8ee9af7fff,SOL-USD,buy,128.88032451181743,0.11717991045307764,1099.85,0.3222008112795436,filled,2025-10-07T00:00:00+00:00,2025-10-07,hermes_10000,Hermes,10000.0,risk_on
9b73df4a-6a6c-4357-875f-5f88e4f96686,ETH-USD,buy,116.01690573727592,0.005312019932614755,21840.45,0.2900422643431898,filled,2025-10-09T00:00:00+00:00,2025-10-09,hermes_10000,Hermes,10000.0,risk_on
20597bf6-6d16-4046-88a2-97c26708cee0,ETH-USD,buy,146.96045629741047,0.0076747363409027545,19148.6,0.3674011407435262,filled,2025-10-10T00:00:00+00:00,2025-10-10,hermes_10000,Hermes,10000.0,risk_on
0d71dd9a-dd72-4b1e-b453-7e708788c902,SOL-USD,buy,161.39326371108427,0.17130315099621532,942.1500000000001,0.40348315927771067,filled,2025-10-10T00:00:00+00:00,2025-10-10,hermes_10000,Hermes,10000.0,risk_on
d14cd5c3-5406-4398-bf1f-485b2d03325b,ETH-USD,sell,168.32661624664752,0.007938343315450794,21204.25,0.42081654061661883,filled,2025-10-13T00:00:00+00:00,2025-10-13,hermes_10000,Hermes,10000.0,risk_on
805610de-a26b-429f-8a8a-4532b1cfa3c6,SOL-USD,sell,135.02869011318535,0.1294059994376207,1043.45,0.33757172528296336,filled,2025-10-13T00:00:00+00:00,2025-10-13,hermes_10000,Hermes,10000.0,risk_on
b29beb12-56b5-431f-a707-a278132fae7e,BTC-USD,sell,4651.460095328069,0.00839892082525557,553816.4,11.628650238320173,filled,2025-10-15T00:00:00+00:00,2025-10-15,hermes_10000,Hermes,10000.0,defense
ea5a742c-ca14-43f6-b06b-a4b3fe46d34e,ETH-USD,sell,2694.5274905304973,0.13521280258382015,19928.05,6.736318726326243,filled,2025-10-15T00:00:00+00:00,2025-10-15,hermes_10000,Hermes,10000.0,defense
c864e059-e1e9-481c-bcc4-75052fab822b,SOL-USD,sell,2130.4555605017804,2.1981588531797156,969.2,5.326138901254451,filled,2025-10-15T00:00:00+00:00,2025-10-15,hermes_10000,Hermes,10000.0,defense
aa6b1f9c-54aa-43e2-b535-69dd6b354b39,BTC-USD,buy,4688.708287559864,0.008658927357458133,541488.35,11.721770718899661,filled,2025-10-21T00:00:00+00:00,2025-10-21,hermes_10000,Hermes,10000.0,risk_on
9b850edc-5f0b-47f6-80a1-2b5b7cc1e8fe,ETH-USD,buy,2758.063698564626,0.14242334586770766,19365.25,6.895159246411565,filled,2025-10-21T00:00:00+00:00,2025-10-21,hermes_10000,Hermes,10000.0,risk_on
9adb0c75-7d41-4f43-ae33-8eaf3ee42323,SOL-USD,buy,2206.4509588517008,2.377256864571137,928.15,5.516127397129252,filled,2025-10-21T00:00:00+00:00,2025-10-21,hermes_10000,Hermes,10000.0,risk_on
d66306d9-aa8a-49f0-806f-235c90f6195f,BTC-USD,sell,103.483033698074,0.00019418292759912646,532915.2,0.258707584245185,filled,2025-11-03T00:00:00+00:00,2025-11-03,hermes_10000,Hermes,10000.0,risk_on
d0fc6e36-851d-46b0-9f83-4ee48025182d,SOL-USD,buy,148.98290571703114,0.17943262160307258,830.3,0.37245726429257786,filled,2025-11-03T00:00:00+00:00,2025-11-03,hermes_10000,Hermes,10000.0,risk_on
e3eb67a5-3a1a-43c7-bc05-0aa982e589da,ETH-USD,buy,196.26725326836868,0.011941847752140593,16435.25,0.4906681331709217,filled,2025-11-04T00:00:00+00:00,2025-11-04,hermes_10000,Hermes,10000.0,risk_on
de93c3e7-868d-4d4d-9875-063cc867f4d7,BTC-USD,sell,4289.34163789134,0.008464744429859006,506730.19999999995,10.72335409472835,filled,2025-11-06T00:00:00+00:00,2025-11-06,hermes_10000,Hermes,10000.0,defense
bb70d08b-621f-466b-bc76-97dc4f2063f6,ETH-USD,sell,2558.711139884519,0.15436519361984827,16575.7,6.396777849711298,filled,2025-11-06T00:00:00+00:00,2025-11-06,hermes_10000,Hermes,10000.0,defense
a40c16f0-1d62-4c2b-affa-32df6ca11079,SOL-USD,sell,1985.013717065656,2.5566894861742093,776.4,4.96253429266414,filled,2025-11-06T00:00:00+00:00,2025-11-06,hermes_10000,Hermes,10000.0,defense
